Participant ID,[Step 4][Event 1] Interpret Composite Personal Importance,[Step 4] [Event 2] Interpret Composite Personal Importance,[Step 5][Event 1] Classifying Intersection of Age and Event (Past or Current),[Step 5] [Event 2] Classifying Intersection of Age and Event (Past or Current),[Step 6] [Event 1] Classifying Type of Event,[Step 6] [Event 2] Classifying Type of Event,[Step 6] [Event 3] Classifying Type of Event,[Step 6] [Event 1] Event content label,[Step 6] [Event 2] Event content label,[Step 6] [Event 3] Event content label,[Step 3] [Event 1] Interpreting Presence/Absence of Identity Integration,[Step 3] [Event 2] Interpreting Presence/Absence of Identity Integration,[Step 3] [Event 3] Interpreting Presence/Absence of Identity Integration,[Step 1] [Event 1] Past Political Involvement.,[Step 1] [Event 2] Past Political Involvement.,[Step 1] [Event 3] Past Political Involvement.,[Step 2] [Event 1] Interpreting Level of Involvement. ,[Step 2] [Event 2] Interpreting Level of Involvement. ,[Step 2] [Event 3] Interpreting Level of Involvement. ,event_type_socioculturalchange_ev1,event_type_socioculturalchange_ev2,event_type_socioculturalchange_ev3,event_type_socioculturalchange_total,event_type_socioculturalchange_binary,event_type_electoralpolitics_ev1,event_type_electoralpolitics_ev2,event_type_electoralpolitics_ev3,event_type_electoralpolitics_total,event_type_electoralpolitics_binary,event_type_socialmovement_ev1,event_type_socialmovement_ev2,event_type_socialmovement_ev3,event_type_socialmovement_total,event_type_socialmovement_binary,recall_Misc_ev1,recall_Misc_ev2,recall_Misc_ev3,recall_Misc_total,recall_Misc_binary,recall_Obama08_ev1,recall_Obama08_ev2,recall_Obama08_ev3,recall_Obama08_composite,recall_911_ev1,recall_911_ev2,recall_911_ev3,recall_911_composite,recall_Vietnam_ev1,recall_Vietnam_ev2,recall_Vietnam_ev3,recall_Vietnam_composite,recall_WomenMovement_ev1,recall_WomenMovement_ev2,recall_WomenMovement_ev3,recall_WomenMovement_composite,recall_CivilRights_ev1,recall_CivilRights_ev2,recall_CivilRights_ev3,recall_CivilRights_composite,recall_MLK_ev1,recall_MLK_ev2,recall_MLK_ev3,recall_MLK_composite,recall_JFK_ev1,recall_JFK_ev2,recall_JFK_ev3,recall_JFK_composite,identityIntegration_ev1,identityIntegration_ev2,identityIntegration_ev3,identityIntegration_total,InvolvBinary_ev1,InvolvBinary_ev2,InvolvBinary_ev3,InvolvLevels_ev1,InvolvLevels_ev2,InvolvLevels_ev3,TotalInfluence_ev1,TotalInfluence_ev2,TotalInfluence_ev3,IdentityIntegration_binary,InvolvLevels_composite,InvolvBinary_composite,TotalInfluence_composite
2,"Medium: integration but no action (ie engaged observer), or involvement without any evidence of integration.",High: integration and action,Adolescence (13-18),Adolescence (13-18),Social Movement,Social Movement,,Civil Rights Movement: Dr. King Assassination,Anti Vietnam War: 1968 Democratic Convention Protest,,Identity Integration (topic: social movement OR statement about political ID),Identity Integration (topic: social movement OR statement about political ID),,Not Involved (but mention social movement),Involved in social movement,,Engaged observers,Low Involvement,,0,0,,0,0,0,0,,0,0,1,1,,2,1,0,0,,0,0,0,0,,0,0,0,,0,0,1,,1,0,0,,0,0,0,,0,1,0,,1,0,0,,0,1,1,,2,0,1,,1,2,,1,2,,1,2,1,2
25,Low: no integration; no action (opposed and unengaged observers),Low: no integration; no action (opposed and unengaged observers),Adolescence (13-18),Young Adulthood (18-30),Social Movement,Social Movement,"Social-cultural change (e.g., sexual revolution, observation about women's movement without having participated), Social Movement",Civil Rights Movement: Dr. King Assassination,Anti Vietnam War (General),Women’s Movement,No Identity Integration (topic: social movement),No Identity Integration (topic: social movement),Identity Integration (topic: social movement OR statement about political ID),Not Involved (but mention social movement),Not Involved (but mention social movement),Not Involved (but mention social movement),Engaged observers,Engaged observers,Engaged observers,0,0,1,1,1,0,0,0,0,0,1,1,1,3,1,0,0,0,0,0,0,0,0,0,0,0,0,0,0,1,0,1,0,0,1,1,0,0,0,0,1,0,0,1,0,0,0,0,0,0,1,1,0,0,0,1,1,1,0,0,1,1,1,0,1
63,Low: no integration; no action (opposed and unengaged observers),Low: no integration; no action (opposed and unengaged observers),Young Adulthood (18-30),Adolescence (13-18),Social Movement,Social Movement,,Women’s Movement,Counter Culture,,No Identity Integration (topic: social movement),No Identity Integration (topic: social movement),,Not Involved (but mention social movement),Not Involved (but mention social movement),,Engaged observers,Engaged observers,,0,0,,0,0,0,0,,0,0,1,1,,2,1,0,0,,0,0,0,0,,0,0,0,,0,0,0,,0,1,0,,1,0,0,,0,0,0,,0,0,0,,0,0,0,,0,0,0,,1,1,,0,0,,0,1,0,0
82,"Medium: integration but no action (ie engaged observer), or involvement without any evidence of integration.",High: integration and action,Childhood,Midlife to Present,Social Movement,Electoral Politics (contemporary),,Civil Rights Movement (General),2008 Presidential Election,,Identity Integration (topic: social movement OR statement about political ID),Identity Integration (topic: social movement OR statement about political ID),,Not Involved (but mention social movement),Involved in social movement,,Engaged observers,High Involvement,,0,0,,0,0,0,1,,1,1,1,0,,1,1,0,0,,0,0,0,1,,1,0,0,,0,0,0,,0,0,0,,0,1,0,,1,0,0,,0,0,0,,0,1,1,,2,0,1,,1,2,,1,2,,1,2,1,2
84,"Medium: integration but no action (ie engaged observer), or involvement without any evidence of integration.",N/A,Adolescence (13-18),Adolescence (13-18),Social Movement,"Social-cultural change (e.g., sexual revolution, observation about women's movement without having participated)","Social-cultural change (e.g., sexual revolution, observation about women's movement without having participated)",Anti Vietnam War (General),Counter Culture,Sexual Revolution,Identity Integration (topic: social movement OR statement about political ID),No Identity Integration (topic: social movement),No Identity Integration (topic: social movement),Not Involved (but mention social movement),Not Involved (no mention),Not Involved (no mention),Engaged observers,N/A,N/A,0,1,1,2,1,0,0,0,0,0,1,0,0,1,1,0,0,0,0,0,0,0,0,0,0,0,0,0,1,0,0,1,0,0,0,0,0,0,0,0,0,0,0,0,0,0,0,0,1,0,0,1,0,0,0,1,0,0,1,0,0,1,1,0,1
85,Low: no integration; no action (opposed and unengaged observers),Low: no integration; no action (opposed and unengaged observers),Adolescence (13-18),Adolescence (13-18),Social Movement,"Discrete Event: Political (Watergate, JFK Assassination, and depending on meaning to P)","Discrete Event: Political (Watergate, JFK Assassination, and depending on meaning to P)",Civil Rights Movement (General),Civil Rights Movement: Dr. King Assassination,"JFK Assassination, Malcolm X Assassination",No Identity Integration (topic: social movement),No Identity Integration (topic: social movement),,Not Involved (but mention social movement),Not Involved (but mention social movement),,Engaged observers,Engaged observers,,0,0,0,0,0,0,0,0,0,0,1,0,0,1,1,0,0,0,0,0,0,0,0,0,0,0,0,0,0,0,0,0,0,0,0,0,1,0,0,1,0,1,0,1,0,0,1,1,0,0,,0,0,0,,1,1,,0,0,,0,1,0,0
89,"Medium: integration but no action (ie engaged observer), or involvement without any evidence of integration.",High: integration and action,Childhood,"Adolescence (13-18), Young Adulthood (18-30)",Social Movement,Social Movement,,Civil Rights Movement (General),"Civil Rights Movement (General), Civil Rights Movement: Dr. King Assassination, Black Power",,Identity Integration (topic: social movement OR statement about political ID),Identity Integration (topic: social movement OR statement about political ID),,Not Involved (but mention social movement),Involved in social movement,,Engaged observers,High Involvement,,0,0,,0,0,0,0,,0,0,1,1,,2,1,0,0,,0,0,0,0,,0,0,0,,0,0,0,,0,0,0,,0,1,1,,1,0,1,,1,0,0,,0,1,1,,2,0,1,,1,2,,1,2,,1,2,1,2
130,"Medium: integration but no action (ie engaged observer), or involvement without any evidence of integration.","Medium: integration but no action (ie engaged observer), or involvement without any evidence of integration.",Childhood,Uncodeable/unclear,Social Movement,Social Movement,,Civil Rights Movement (General),Civil Rights Movement (General),,Identity Integration (topic: social movement OR statement about political ID),Identity Integration (topic: social movement OR statement about political ID),,Not Involved (but mention social movement),Not Involved (but mention social movement),,Engaged observers,Engaged observers,,0,0,,0,0,0,0,,0,0,1,1,,2,1,0,0,,0,0,0,0,,0,0,0,,0,0,0,,0,0,0,,0,1,1,,1,0,0,,0,0,0,,0,1,1,,2,0,0,,1,1,,1,1,,1,1,0,1
137,"Medium: integration but no action (ie engaged observer), or involvement without any evidence of integration.",N/A,Childhood,Childhood,Social Movement,"Discrete Event: Political (Watergate, JFK Assassination, and depending on meaning to P)",,Civil Rights Movement (General),JFK Assassination,,Identity Integration (topic: social movement OR statement about political ID),No Identity Integration (topic: not social movement),,Not Involved (but mention social movement),Not Involved (no mention),,Engaged observers,N/A,,0,0,,0,0,0,0,,0,0,1,0,,1,1,0,0,,0,0,0,0,,0,0,0,,0,0,0,,0,0,0,,0,1,0,,1,0,0,,0,0,1,,1,1,0,,1,0,0,,1,0,,1,0,,1,1,0,1
154,"Medium: integration but no action (ie engaged observer), or involvement without any evidence of integration.",Low: no integration; no action (opposed and unengaged observers),Childhood,Adolescence (13-18),Social Movement,Social Movement,,Civil Rights Movement (General),Blackstone Rangers,,Identity Integration (topic: social movement OR statement about political ID),No Identity Integration (topic: social movement),,Not Involved (but mention social movement),Not Involved (but mention social movement),,Engaged observers,Engaged observers,,0,0,,0,0,0,0,,0,0,1,1,,2,1,0,0,,0,0,0,0,,0,0,0,,0,0,0,,0,0,0,,0,1,0,,1,0,0,,0,0,0,,0,1,0,,1,0,0,,1,1,,1,0,,1,1,0,1
156,"Medium: integration but no action (ie engaged observer), or involvement without any evidence of integration.",Low: no integration; no action (opposed and unengaged observers),Childhood,Young Adulthood (18-30),Social Movement,"Social-cultural change (e.g., sexual revolution, observation about women's movement without having participated), Social Movement",,Civil Rights Movement (General),Women’s Movement,,Identity Integration (topic: social movement OR statement about political ID),No Identity Integration (topic: social movement),,Not Involved (but mention social movement),Not Involved (but mention social movement),,Engaged observers,Engaged observers,,0,1,,1,1,0,0,,0,0,1,1,,2,1,0,0,,0,0,0,0,,0,0,0,,0,0,0,,0,0,1,,1,1,0,,1,0,0,,0,0,0,,0,1,0,,1,0,0,,1,1,,1,0,,1,1,0,1
6,Low: no integration; no action (opposed and unengaged observers),N/A,Adolescence (13-18),Childhood,Social Movement,"Discrete Event: Political (Watergate, JFK Assassination, and depending on meaning to P)",,"Anti Vietnam War (General), Black Power",JFK Assassination,,No Identity Integration (topic: social movement),No Identity Integration (topic: not social movement),,Not Involved (but mention social movement),Not Involved (no mention),,Engaged observers,N/A,,0,0,,0,0,0,0,,0,0,1,0,,1,1,0,0,,0,0,0,0,,0,0,0,,0,1,0,,1,0,0,,0,0,0,,0,0,0,,0,0,1,,1,0,0,,0,0,0,,1,0,,0,0,,0,1,0,0
8,"Medium: integration but no action (ie engaged observer), or involvement without any evidence of integration.","Medium: integration but no action (ie engaged observer), or involvement without any evidence of integration.",Childhood,Midlife to Present,Social Movement,Electoral Politics (contemporary),,Civil Rights Movement (General),2012 Presidential Election,,Identity Integration (topic: social movement OR statement about political ID),No Identity Integration (topic: social movement),,Not Involved (but mention social movement),Involved in social movement,,Engaged observers,Low Involvement,,0,0,,0,0,0,1,,1,1,1,0,,1,1,0,0,,0,0,0,0,,0,0,0,,0,0,0,,0,0,0,,0,1,0,,1,0,0,,0,0,0,,0,1,0,,1,0,1,,1,2,,1,1,,1,2,1,1
23,"Medium: integration but no action (ie engaged observer), or involvement without any evidence of integration.","Medium: integration but no action (ie engaged observer), or involvement without any evidence of integration.",Midlife to Present,Midlife to Present,Social Movement,Electoral Politics (contemporary),,Ordaining Women Ministers,Harold Washington being elected mayor,,Identity Integration (topic: social movement OR statement about political ID),No Identity Integration (topic: social movement),,Not Involved (but mention social movement),Not Involved (but mention social movement),,Engaged observers,Low Involvement,,0,0,,0,0,0,1,,1,1,1,0,,1,1,1,0,,1,1,0,0,,0,0,0,,0,0,0,,0,0,0,,0,0,0,,0,0,0,,0,0,0,,0,1,0,,1,0,1,,1,2,,1,1,,1,2,1,1
47,"Medium: integration but no action (ie engaged observer), or involvement without any evidence of integration.","Medium: integration but no action (ie engaged observer), or involvement without any evidence of integration.",Adolescence (13-18),Adolescence (13-18),Social Movement,Social Movement,,Anti Vietnam War (General),Women’s Movement,,Identity Integration (topic: social movement OR statement about political ID),Identity Integration (topic: social movement OR statement about political ID),,Not Involved (but mention social movement),Not Involved (but mention social movement),,Engaged observers,Engaged observers,,0,0,,0,0,0,0,,0,0,1,1,,2,1,0,0,,0,0,0,0,,0,0,0,,0,1,0,,1,0,1,,1,0,0,,0,0,0,,0,0,0,,0,1,1,,2,0,0,,1,1,,1,1,,1,1,0,1
58,"Medium: integration but no action (ie engaged observer), or involvement without any evidence of integration.",N/A,Young Adulthood (18-30),Young Adulthood (18-30),Political social change,N/A,,Increased ability to get safe abortion,"N/A, Very misc/random anecdote that didn't respond to prompt",,Identity Integration (topic: social movement OR statement about political ID),No Identity Integration (topic: not social movement),,Not Involved (but mention social movement),Not Involved (no mention),,Engaged observers,N/A,,1,0,,1,1,0,0,,0,0,0,0,,0,0,1,1,,2,1,0,0,,0,0,0,,0,0,0,,0,0,0,,0,0,0,,0,0,0,,0,0,0,,0,1,0,,1,0,0,,1,0,,1,0,,1,1,0,1
59,"Medium: integration but no action (ie engaged observer), or involvement without any evidence of integration.",Low: no integration; no action (opposed and unengaged observers),"""Growing up"" (but not specified)","""Growing up"" (but not specified)",Social Movement,"Social-cultural change (e.g., sexual revolution, observation about women's movement without having participated)",,Women’s Movement,Sexual Revolution,,Identity Integration (topic: social movement OR statement about political ID),No Identity Integration (topic: social movement),,Not Involved (but mention social movement),Not Involved (but mention social movement),,Engaged observers,Engaged observers,,0,1,,1,1,0,0,,0,0,1,0,,1,1,0,0,,0,0,0,0,,0,0,0,,0,0,0,,0,1,0,,1,0,0,,0,0,0,,0,0,0,,0,1,0,,1,0,0,,1,1,,1,0,,1,1,0,1
78,Low: no integration; no action (opposed and unengaged observers),N/A,Young Adulthood (18-30),Childhood,Social Movement,"Discrete Event: Political (Watergate, JFK Assassination, and depending on meaning to P)","Social-cultural change (e.g., sexual revolution, observation about women's movement without having participated)",Women’s Movement,JFK Assassination,Perceived increase in violence and insecurity since the 50s,No Identity Integration (topic: social movement),No Identity Integration (topic: not social movement),No Identity Integration (topic: not social movement),Not Involved (but mention social movement),Not Involved (no mention),Not Involved (no mention),Engaged observers,N/A,N/A,0,0,1,1,1,0,0,0,0,0,1,0,0,1,1,0,0,1,1,1,0,0,0,0,0,0,0,0,0,0,0,0,1,0,0,1,0,0,0,0,0,0,0,0,0,1,0,1,0,0,0,0,0,0,0,1,0,0,0,0,0,0,1,0,0
79,"Medium: integration but no action (ie engaged observer), or involvement without any evidence of integration.",N/A,Midlife to Present,Childhood,Electoral Politics (contemporary),"Discrete Event: Political (Watergate, JFK Assassination, and depending on meaning to P)",,2008 Presidential Election,JFK Assassination,,Identity Integration (topic: social movement OR statement about political ID),No Identity Integration (topic: not social movement),,Not Involved (but mention social movement),Not Involved (no mention),,Engaged observers,N/A,,0,0,,0,0,1,0,,1,1,0,0,,0,0,0,0,,0,0,1,0,,1,0,0,,0,0,0,,0,0,0,,0,0,0,,0,0,0,,0,0,1,,1,1,0,,1,0,0,,1,0,,1,0,,1,1,0,1
90,Low: no integration; no action (opposed and unengaged observers),N/A,"Young Adulthood (18-30), over the lifespan",N/A,Political social change,N/A,,"Women’s Movement, Women's career/family roles changing",N/A,,No Identity Integration (topic: social movement),No Identity Integration (topic: not social movement),,Not Involved (but mention social movement),Not Involved (no mention),,Engaged observers,N/A,,1,0,,1,1,0,0,,0,0,0,0,,0,0,0,1,,1,1,0,0,,0,0,0,,0,0,0,,0,1,0,,1,0,0,,0,0,0,,0,0,0,,0,0,0,,0,0,0,,1,0,,0,0,,0,1,0,0
91,Low: no integration; no action (opposed and unengaged observers),N/A,Midlife to Present,N/A,Electoral Politics (contemporary),N/A,,2008 Presidential Election,N/A,,No Identity Integration (topic: social movement),N/A,,Not Involved (but mention social movement),N/A,,Engaged observers,N/A,,0,0,,0,0,1,0,,1,1,0,0,,0,0,0,1,,1,1,1,0,,1,0,0,,0,0,0,,0,0,0,,0,0,0,,0,0,0,,0,0,0,,0,0,0,,0,0,0,,1,0,,0,0,,0,1,0,0
96,N/A,Low: no integration; no action (opposed and unengaged observers),over the lifespan,over the lifespan,Political social change,"Social-cultural change (e.g., sexual revolution, observation about women's movement without having participated)",,Affirmative Action,Integration of Schools,,No Identity Integration (topic: social movement),No Identity Integration (topic: social movement),,Not Involved (but mention social movement),Not Involved (but mention social movement),,Engaged observers,Engaged observers,,1,1,,2,1,0,0,,0,0,0,0,,0,0,1,1,,2,1,0,0,,0,0,0,,0,0,0,,0,0,0,,0,0,0,,0,0,0,,0,0,0,,0,0,0,,0,0,0,,1,1,,0,0,,0,1,0,0
100,Low: no integration; no action (opposed and unengaged observers),N/A,Young Adulthood (18-30),Young Adulthood (18-30),Political social change,"Social-cultural change (e.g., sexual revolution, observation about women's movement without having participated)",,"Civil Rights Movement (General), Women’s Movement",Increased Drug Use/War on Drugs,,No Identity Integration (topic: social movement),No Identity Integration (topic: not social movement),,Not Involved (but mention social movement),Not Involved (no mention),,Engaged observers,N/A,,1,1,,2,1,0,0,,0,0,0,0,,0,0,0,1,,1,1,0,0,,0,0,0,,0,0,0,,0,1,0,,1,1,0,,1,0,0,,0,0,0,,0,0,0,,0,0,0,,1,0,,0,0,,0,1,0,0
116,Low: no integration; no action (opposed and unengaged observers),N/A,Childhood,Childhood,Social Movement,"Discrete Event: Political (Watergate, JFK Assassination, and depending on meaning to P)","Discrete Event: Political (Watergate, JFK Assassination, and depending on meaning to P)",Civil Rights Movement (General),JFK Assassination,Civil Rights Movement: Dr. King Assassination,No Identity Integration (topic: social movement),No Identity Integration (topic: not social movement),No Identity Integration (topic: not social movement),Not Involved (no mention),Not Involved (no mention),Not Involved (no mention),Engaged observers,N/A,N/A,0,0,0,0,0,0,0,0,0,0,1,0,0,1,1,0,0,0,0,0,0,0,0,0,0,0,0,0,0,0,0,0,0,0,0,0,1,0,0,1,0,0,1,1,0,1,0,1,0,0,0,0,0,0,0,1,0,0,0,0,0,0,1,0,0
119,"Medium: integration but no action (ie engaged observer), or involvement without any evidence of integration.","Medium: integration but no action (ie engaged observer), or involvement without any evidence of integration.","Adolescence (13-18), Young Adulthood (18-30)",Young Adulthood (18-30),Social Movement,Social Movement,,Civil Rights Movement (General),Women’s Movement,,Identity Integration (topic: social movement OR statement about political ID),Identity Integration (topic: social movement OR statement about political ID),,Not Involved (but mention social movement),Not Involved (but mention social movement),,Engaged observers,Engaged observers,,0,0,,0,0,0,0,,0,0,1,1,,2,1,0,0,,0,0,0,0,,0,0,0,,0,0,0,,0,0,1,,1,1,0,,1,0,0,,0,0,0,,0,1,1,,2,0,0,,1,1,,1,1,,1,1,0,1
121,"Medium: integration but no action (ie engaged observer), or involvement without any evidence of integration.",N/A,Adolescence (13-18),Adolescence (13-18),Social Movement,"Discrete Event: Political (Watergate, JFK Assassination, and depending on meaning to P)",,Civil Rights Movement (General),Watergate,,Identity Integration (topic: social movement OR statement about political ID),No Identity Integration (topic: not social movement),,Not Involved (but mention social movement),Not Involved (no mention),,Engaged observers,N/A,,0,0,,0,0,0,0,,0,0,1,0,,1,1,0,0,,0,0,0,0,,0,0,0,,0,0,0,,0,0,0,,0,1,0,,1,0,0,,0,0,0,,0,1,0,,1,0,0,,1,0,,1,0,,1,1,0,1
134,"Medium: integration but no action (ie engaged observer), or involvement without any evidence of integration.","Medium: integration but no action (ie engaged observer), or involvement without any evidence of integration.",Childhood,Childhood,Social Movement,Social Movement,,Anti Vietnam War (General),Civil Rights Movement (General),,Identity Integration (topic: social movement OR statement about political ID),Identity Integration (topic: social movement OR statement about political ID),,Not Involved (but mention social movement),Not Involved (but mention social movement),,Engaged observers,Engaged observers,,0,0,,0,0,0,0,,0,0,1,1,,2,1,0,0,,0,0,0,0,,0,0,0,,0,1,0,,1,0,0,,0,0,1,,1,0,0,,0,0,0,,0,1,1,,2,0,0,,1,1,,1,1,,1,1,0,1
143,Low: no integration; no action (opposed and unengaged observers),Low: no integration; no action (opposed and unengaged observers),Midlife to Present,Midlife to Present,Political social change,"Social-cultural change (e.g., sexual revolution, observation about women's movement without having participated)",,Changes in gun laws and gun violence,Obamacare ,,No Identity Integration (topic: not social movement),No Identity Integration (topic: not social movement),,Not Involved (no mention),Not Involved (no mention),,Engaged observers,Engaged observers,,1,1,,2,1,0,0,,0,0,0,0,,0,0,0,1,,1,1,0,0,,0,0,0,,0,0,0,,0,0,0,,0,0,0,,0,0,0,,0,0,0,,0,0,0,,0,0,0,,1,1,,0,0,,0,1,0,0
145,Low: no integration; no action (opposed and unengaged observers),"Medium: integration but no action (ie engaged observer), or involvement without any evidence of integration.",Midlife to Present,Midlife to Present,"Political social change, Social Movement",Social Movement,,Gay Rights (example of gay marriage),Allowing women and gay people to be ordained ministers within denomenation,,No Identity Integration (topic: social movement),Identity Integration (topic: social movement OR statement about political ID),,Not Involved (but mention social movement),Not Involved (but mention social movement),,Engaged observers,Engaged observers,,1,0,,1,1,0,0,,0,0,1,1,,2,1,0,0,,0,0,0,0,,0,0,0,,0,0,0,,0,0,0,,0,0,0,,0,0,0,,0,0,0,,0,0,1,,1,0,0,,1,1,,0,1,,1,1,0,1
146,"Medium: integration but no action (ie engaged observer), or involvement without any evidence of integration.",N/A,Midlife to Present,Uncodeable/unclear,Electoral Politics (contemporary),"Social-cultural change (e.g., sexual revolution, observation about women's movement without having participated)",,2008 Presidential Election,drug problems and teenage pregnancy in the Black community,,Identity Integration (topic: social movement OR statement about political ID),No Identity Integration (topic: not social movement),,Not Involved (but mention social movement),Not Involved (no mention),,Engaged observers,N/A,,0,1,,1,1,1,0,,1,1,0,0,,0,0,0,1,,1,1,1,0,,1,0,0,,0,0,0,,0,0,0,,0,0,0,,0,0,0,,0,0,0,,0,1,0,,1,0,0,,1,0,,1,0,,1,1,0,1
150,"Medium: integration but no action (ie engaged observer), or involvement without any evidence of integration.",N/A,Young Adulthood (18-30),Midlife to Present,Social Movement,"Social-cultural change (e.g., sexual revolution, observation about women's movement without having participated)",,Women’s Movement,observes that the total population is increasingly getting older,,Identity Integration (topic: social movement OR statement about political ID),No Identity Integration (topic: not social movement),,Not Involved (but mention social movement),Not Involved (no mention),,Engaged observers,N/A,,0,1,,1,1,0,0,,0,0,1,0,,1,1,0,1,,1,1,0,0,,0,0,0,,0,0,0,,0,1,0,,1,0,0,,0,0,0,,0,0,0,,0,1,0,,1,0,0,,1,0,,1,0,,1,1,0,1
155,"Medium: integration but no action (ie engaged observer), or involvement without any evidence of integration.","Medium: integration but no action (ie engaged observer), or involvement without any evidence of integration.",Young Adulthood (18-30),Young Adulthood (18-30),"Political social change, Social Movement",Electoral Politics (past),Electoral Politics (contemporary),Gay Liberation in early 70s post Stonewall,Election (and death) of Mayor Harold Washington,2008 Presidential Election,Identity Integration (topic: social movement OR statement about political ID),Identity Integration (topic: social movement OR statement about political ID),No Identity Integration (topic: social movement),Not Involved (but mention social movement),Not Involved (but mention social movement),Not Involved (but mention social movement),Engaged observers,Engaged observers,Engaged observers,1,0,0,1,1,0,1,1,2,1,1,0,0,1,1,0,0,0,0,0,0,0,1,1,0,0,0,0,0,0,0,0,0,0,0,0,0,0,0,0,0,0,0,0,0,0,0,0,1,1,0,2,0,0,0,1,1,1,1,1,0,1,1,0,1
163,"Medium: integration but no action (ie engaged observer), or involvement without any evidence of integration.",Low: no integration; no action (opposed and unengaged observers),"""Growing up"" (but not specified)",Young Adulthood (18-30),Social Movement,"Social-cultural change (e.g., sexual revolution, observation about women's movement without having participated), Social Movement",,Women’s Movement,Women’s Movement,,Identity Integration (topic: social movement OR statement about political ID),No Identity Integration (topic: social movement),,Not Involved (but mention social movement),Not Involved (but mention social movement),,Engaged observers,Engaged observers,,0,1,,1,1,0,0,,0,0,1,1,,2,1,0,0,,0,0,0,0,,0,0,0,,0,0,0,,0,1,1,,1,0,0,,0,0,0,,0,0,0,,0,1,0,,1,0,0,,1,1,,1,0,,1,1,0,1
7,Low: no integration; no action (opposed and unengaged observers),N/A,Uncodeable/unclear,Uncodeable/unclear,"Political social change, Social Movement","Social-cultural change (e.g., sexual revolution, observation about women's movement without having participated)",,Women’s Movement,"Increasing incoming inequality (in the participant's words, the ""breakdown of the social contract""",,No Identity Integration (topic: social movement),No Identity Integration (topic: not social movement),,Not Involved (but mention social movement),Not Involved (no mention),,Engaged observers,N/A,,1,1,,2,1,0,0,,0,0,1,0,,1,1,0,1,,1,1,0,0,,0,0,0,,0,0,0,,0,1,0,,1,0,0,,0,0,0,,0,0,0,,0,0,0,,0,0,0,,1,0,,0,0,,0,1,0,0
49,"Medium: integration but no action (ie engaged observer), or involvement without any evidence of integration.","Medium: integration but no action (ie engaged observer), or involvement without any evidence of integration.","""Growing up"" (but not specified), Childhood",Adolescence (13-18),Social Movement,"Discrete Event: Political (Watergate, JFK Assassination, and depending on meaning to P)",,Civil Rights Movement (General),Civil Rights Movement: Dr. King Assassination,,Identity Integration (topic: social movement OR statement about political ID),Identity Integration (topic: social movement OR statement about political ID),,Not Involved (but mention social movement),Not Involved (but mention social movement),,Engaged observers,Engaged observers,,0,0,,0,0,0,0,,0,0,1,0,,1,1,0,0,,0,0,0,0,,0,0,0,,0,0,0,,0,0,0,,0,1,0,,1,0,1,,1,0,0,,0,1,1,,2,0,0,,1,1,,1,1,,1,1,0,1
104,"Medium: integration but no action (ie engaged observer), or involvement without any evidence of integration.","Medium: integration but no action (ie engaged observer), or involvement without any evidence of integration.",Adolescence (13-18),Midlife to Present,Social Movement,Electoral Politics (contemporary),,Civil Rights Movement (General),2008 Presidential Election,,Identity Integration (topic: social movement OR statement about political ID),Identity Integration (topic: social movement OR statement about political ID),,Not Involved (but mention social movement),Not Involved (but mention social movement),,Engaged observers,Engaged observers,,0,0,,0,0,0,1,,1,1,1,0,,1,1,0,0,,0,0,0,1,,1,0,0,,0,0,0,,0,0,0,,0,1,0,,1,0,0,,0,0,0,,0,1,1,,2,0,0,,1,1,,1,1,,1,1,0,1
43,"Medium: integration but no action (ie engaged observer), or involvement without any evidence of integration.",N/A,Young Adulthood (18-30),Young Adulthood (18-30),Social Movement,"Discrete Event: Political (Watergate, JFK Assassination, and depending on meaning to P)",Social Movement,Anti Vietnam War (General),Watergate,Women’s Movement,Identity Integration (topic: social movement OR statement about political ID),Identity Integration (topic: not social movement),Identity Integration (topic: social movement OR statement about political ID),Not Involved (but mention social movement),Not Involved (no mention),Not Involved (but mention social movement),Engaged observers,N/A,Engaged observers,0,0,0,0,0,0,0,0,0,0,1,0,1,2,1,0,0,0,0,0,0,0,0,0,0,0,0,0,1,0,0,1,0,0,1,1,0,0,0,0,0,0,0,0,0,0,0,0,1,0,1,2,0,0,0,1,0,1,1,0,1,1,1,0,1
1,High: integration and action,High: integration and action,Adolescence (13-18),Adolescence (13-18),Social Movement,Social Movement,,Women’s Movement,Anti Vietnam War: 1970 Student Strike,,Identity Integration (topic: social movement OR statement about political ID),Identity Integration (topic: social movement OR statement about political ID),,Involved in social movemnt,Involved in social movement,,High Involvement,High Involvement,,0,0,,0,0,0,0,,0,0,1,1,,2,1,0,0,,0,0,0,0,,0,0,0,,0,0,1,,1,1,0,,1,0,0,,0,0,0,,0,0,0,,0,1,1,,2,1,1,,2,2,,2,2,,1,2,1,2
18,High: integration and action,High: integration and action,Adolescence (13-18),Adolescence (13-18),Social Movement,Social Movement,,"Counter Culture, sort of an outlier, but I think it should count","Anti Vietnam War (General), Anti Vietnam War: 1970 Student Strike",,Identity Integration (topic: social movement OR statement about political ID),Identity Integration (topic: social movement OR statement about political ID),,Involved in social movemnt,Involved in social movement,,High Involvement,High Involvement,,0,0,,0,0,0,0,,0,0,1,1,,2,1,0,0,,0,0,0,0,,0,0,0,,0,0,1,,1,0,0,,0,0,0,,0,0,0,,0,0,0,,0,1,1,,2,1,1,,2,2,,2,2,,1,2,1,2
32,High: integration and action,High: integration and action,Young Adulthood (18-30),Midlife to Present,Social Movement,Social Movement,,"Anti Vietnam War (General), Berkeley Free Speech Movement",Occupy Movement; Anti-Iraq War protest,,Identity Integration (topic: social movement OR statement about political ID),Identity Integration (topic: social movement OR statement about political ID),,Involved in social movemnt,Involved in social movement,,High Involvement,High Involvement,,0,0,,0,0,0,0,,0,0,1,1,,2,1,0,1,,1,1,0,0,,0,0,0,,0,1,0,,1,0,0,,0,0,0,,0,0,0,,0,0,0,,0,1,1,,2,1,1,,2,2,,2,2,,1,2,1,2
38,High: integration and action,,Young Adulthood (18-30),,Social Movement,,,"Anti Vietnam War (General), Civil Rights Movement (General), Women’s Movement",,,Identity Integration (topic: social movement OR statement about political ID),,,Involved in social movemnt,,,High Involvement,,,0,,,0,0,0,,,0,0,1,,,1,1,0,,,0,0,0,,,0,0,,,0,1,0,,1,1,,,1,1,,,1,0,,,0,0,,,0,1,,,1,1,0,,2,,,2,,,1,2,1,2
77,High: integration and action,,"Young Adulthood (18-30), over the lifespan",,Social Movement,,,Civil Rights Movement (General),,,Identity Integration (topic: social movement OR statement about political ID),,,Involved in social movemnt,,,High Involvement,,,0,,,0,0,0,,,0,0,1,,,1,1,0,,,0,0,0,,,0,0,,,0,0,0,,0,0,,,0,1,,,1,0,,,0,0,,,0,1,,,1,1,0,,2,,,2,,,1,2,1,2
80,High: integration and action,"Medium: integration but no action (ie engaged observer), or involvement without any evidence of integration.",Midlife to Present,Childhood,Electoral Politics (contemporary),Social Movement,,2008 Presidential Election,"Civil Rights Movement (General), Civil Rights Movement: Dr. King Assassination",,Identity Integration (topic: social movement OR statement about political ID),Identity Integration (topic: social movement OR statement about political ID),,Involved in social movemnt,Not Involved (but mention social movement),,High Involvement,Engaged observers,,0,0,,0,0,1,0,,1,1,0,1,,1,1,0,0,,0,0,1,0,,1,0,0,,0,0,0,,0,0,0,,0,0,1,,1,0,1,,1,0,0,,0,1,1,,2,1,0,,2,1,,2,1,,1,2,1,2
81,High: integration and action,High: integration and action,Young Adulthood (18-30),Midlife to Present,Social Movement,Social Movement,,Anti Vietnam War (General),"Contemporary pacifist politics, specifically opposing (presumably the US) bombing Syria",,Identity Integration (topic: social movement OR statement about political ID),Identity Integration (topic: social movement OR statement about political ID),,Involved in social movemnt,Involved in social movement,,High Involvement,High Involvement,,0,0,,0,0,0,0,,0,0,1,1,,2,1,0,1,,1,1,0,0,,0,0,0,,0,1,0,,1,0,0,,0,0,0,,0,0,0,,0,0,0,,0,1,1,,2,1,1,,2,2,,2,2,,1,2,1,2
88,High: integration and action,High: integration and action,Young Adulthood (18-30),Young Adulthood (18-30),Social Movement,Social Movement,,Anti Vietnam War (General),Black Power/Black Nationalist movement in College,,Identity Integration (topic: social movement OR statement about political ID),Identity Integration (topic: social movement OR statement about political ID),,Involved in social movemnt,Involved in social movement,,High Involvement,High Involvement,,0,0,,0,0,0,0,,0,0,1,1,,2,1,0,0,,0,0,0,0,,0,0,0,,0,1,0,,1,0,0,,0,0,0,,0,0,0,,0,0,0,,0,1,1,,2,1,1,,2,2,,2,2,,1,2,1,2
109,High: integration and action,High: integration and action,Young Adulthood (18-30),Young Adulthood (18-30),Social Movement,Electoral Politics (past),,[Black Power] Campus protests for more black faculty + African Studies in the 70s ,Harold Washington Campaign,,Identity Integration (topic: social movement OR statement about political ID),Identity Integration (topic: social movement OR statement about political ID),,Involved in social movemnt,Involved in social movement,,High Involvement,High Involvement,,0,0,,0,0,0,1,,1,1,1,0,,1,1,0,0,,0,0,0,0,,0,0,0,,0,0,0,,0,0,0,,0,0,0,,0,0,0,,0,0,0,,0,1,1,,2,1,1,,2,2,,2,2,,1,2,1,2
112,High: integration and action,N/A,Adolescence (13-18),Midlife to Present,Social Movement,"Discrete Event: Political (Watergate, JFK Assassination, and depending on meaning to P)",,Civil Rights Movement (General),Misc: Meeting the Pope! (In 86),,Identity Integration (topic: social movement OR statement about political ID),No Identity Integration (topic: not social movement),,Involved in social movemnt,Not Involved (no mention),,High Involvement,N/A,,0,0,,0,0,0,0,,0,0,1,0,,1,1,0,1,,1,1,0,0,,0,0,0,,0,0,0,,0,0,0,,0,1,0,,1,0,0,,0,0,0,,0,1,0,,1,1,0,,2,0,,2,0,,1,2,1,2
159,High: integration and action,High: integration and action,Young Adulthood (18-30),Midlife to Present,Social Movement,Social Movement,,working for Reagan's primary campaign in 1976,Active in the Tea Party,,Identity Integration (topic: social movement OR statement about political ID),Identity Integration (topic: social movement OR statement about political ID),,Involved in social movemnt,Involved in social movement,,High Involvement,High Involvement,,0,0,,0,0,0,0,,0,0,1,1,,2,1,0,1,,1,1,0,0,,0,0,0,,0,0,0,,0,0,0,,0,0,0,,0,0,0,,0,0,0,,0,1,1,,2,1,1,,2,2,,2,2,,1,2,1,2
37,"Medium: integration but no action (ie engaged observer), or involvement without any evidence of integration.",N/A,Midlife to Present,Midlife to Present,Electoral Politics (contemporary),Electoral Politics (contemporary),,"2012 Presidential Election, 2008 Presidential Election",Mayor Daley stepping down,,No Identity Integration (topic: social movement),No Identity Integration (topic: not social movement),,Involved in social movemnt,Not Involved (no mention),,High Involvement,N/A,,0,0,,0,0,1,1,,2,1,0,0,,0,0,0,1,,1,1,1,0,,1,0,0,,0,0,0,,0,0,0,,0,0,0,,0,0,0,,0,0,0,,0,0,0,,0,1,0,,2,0,,1,0,,0,2,1,1
114,High: integration and action,"Medium: integration but no action (ie engaged observer), or involvement without any evidence of integration.",Young Adulthood (18-30),Midlife to Present,Social Movement,Electoral Politics (contemporary),,Campaigning for MLK's Birthday to be a national holiday,2008 Presidential Election,,Identity Integration (topic: social movement OR statement about political ID),Identity Integration (topic: social movement OR statement about political ID),,Involved in social movemnt,Not Involved (but mention social movement),,High Involvement,Engaged observers,,0,0,,0,0,0,1,,1,1,1,0,,1,1,1,0,,1,1,0,1,,1,0,0,,0,0,0,,0,0,0,,0,0,0,,0,0,0,,0,0,0,,0,1,1,,2,1,0,,2,1,,2,1,,1,2,1,2
115,High: integration and action,,Midlife to Present,,Electoral Politics (contemporary),,,2008 Presidential Election,,,Identity Integration (topic: social movement OR statement about political ID),,,Involved in social movemnt,,,High Involvement,,,0,,,0,0,1,,,1,1,0,,,0,0,0,,,0,0,1,,,1,0,,,0,0,0,,0,0,,,0,0,,,0,0,,,0,0,,,0,1,,,1,1,0,,2,,,2,0,,1,2,1,2
160,High: integration and action,Low: no integration; no action (opposed and unengaged observers),Adolescence (13-18),Midlife to Present,Social Movement,"Social-cultural change (e.g., sexual revolution, observation about women's movement without having participated), Social Movement",,Anti Vietnam War (General),Gay Rights,,Identity Integration (topic: social movement OR statement about political ID),No Identity Integration (topic: social movement),,Involved in social movemnt,Not Involved (but mention social movement),,High Involvement,Engaged observers,,0,1,,1,1,0,0,,0,0,1,1,,2,1,0,0,,0,0,0,0,,0,0,0,,0,1,0,,1,0,0,,0,0,0,,0,0,0,,0,0,0,,0,1,0,,1,1,0,,2,1,,2,0,,1,2,1,2
69,High: integration and action,N/A,Adolescence (13-18),Young Adulthood (18-30),"Social Movement, Discrete Event (Watergate, JFK Assassination, and depending on meaning to P)","Discrete Event: Political (Watergate, JFK Assassination, and depending on meaning to P)",,"Anti Vietnam War (General), Civil Rights Movement: Dr. King Assassination, RFK/MLK Assassinations and the general turmoil of 1968, supporting the RFK campaign and becoming radicalized.",Cuban Missile Crisis,,Identity Integration (topic: social movement OR statement about political ID),Identity Integration (topic: social movement OR statement about political ID),,Involved in social movemnt,Not Involved (no mention),,High Involvement,N/A,,0,0,,0,0,0,0,,0,0,1,0,,1,1,0,0,,0,0,0,0,,0,0,0,,0,1,0,,1,0,0,,0,0,0,,0,1,0,,1,0,0,,0,1,1,,2,1,0,,2,0,,2,0,,1,2,1,2
3,High: integration and action,"Medium: integration but no action (ie engaged observer), or involvement without any evidence of integration.",Young Adulthood (18-30),Young Adulthood (18-30),Electoral Politics (past),Social Movement,,"Anti Vietnam War (General), 1972 Presidential Election",Anti Vietnam War (General),,No Identity Integration (topic: not social movement),Identity Integration (topic: social movement OR statement about political ID),,Involved in social movemnt,Not Involved (but mention social movement),,High Involvement,Engaged observers,,0,0,,0,0,1,0,,1,1,0,1,,1,1,0,0,,0,0,0,0,,0,0,0,,0,1,1,,1,0,0,,0,0,0,,0,0,0,,0,0,0,,0,0,1,,1,1,0,,2,1,,2,1,,1,2,1,2
14,High: integration and action,High: integration and action,Childhood,Adolescence (13-18),Social Movement,Social Movement,,protest against Chicago Board of Education board member ,"Civil Rights Movement (General), Led a walkout to protest for renaming Washington Park after Malcolm X. ",,Identity Integration (topic: social movement OR statement about political ID),Identity Integration (topic: social movement OR statement about political ID),,Involved in social movemnt,Involved in social movement,,Low Involvement,High Involvement,,0,0,,0,0,0,0,,0,0,1,1,,2,1,1,0,,1,1,0,0,,0,0,0,,0,0,0,,0,0,0,,0,0,1,,1,0,0,,0,0,0,,0,1,1,,2,1,1,,2,2,,2,2,,1,2,1,2
118,High: integration and action,"Medium: integration but no action (ie engaged observer), or involvement without any evidence of integration.","Adolescence (13-18), Young Adulthood (18-30)",Young Adulthood (18-30),Social Movement,Social Movement,,Civil Rights Movement (General),Women’s Movement,,Identity Integration (topic: social movement OR statement about political ID),Identity Integration (topic: social movement OR statement about political ID),,Involved in social movemnt,Not Involved (but mention social movement),,Low Involvement,Engaged observers,,0,0,,0,0,0,0,,0,0,1,1,,2,1,0,0,,0,0,0,0,,0,0,0,,0,0,0,,0,0,1,,1,1,0,,1,0,0,,0,0,0,,0,1,1,,2,1,0,,2,1,,2,1,,1,2,1,2
123,High: integration and action,"Medium: integration but no action (ie engaged observer), or involvement without any evidence of integration.","Childhood, Adolescence (13-18)",Midlife to Present,Social Movement,Electoral Politics (contemporary),,Civil Rights Movement (General),2008 Presidential Election,,Identity Integration (topic: social movement OR statement about political ID),Identity Integration (topic: social movement OR statement about political ID),,Involved in social movemnt,Not Involved (but mention social movement),,Low Involvement,Engaged observers,,0,0,,0,0,0,1,,1,1,1,0,,1,1,0,0,,0,0,0,1,,1,0,0,,0,0,0,,0,0,0,,0,1,0,,1,0,0,,0,0,0,,0,1,1,,2,1,0,,2,1,,2,1,,1,2,1,2
125,High: integration and action,"Medium: integration but no action (ie engaged observer), or involvement without any evidence of integration.",Adolescence (13-18),"Adolescence (13-18), Young Adulthood (18-30)",Social Movement,Social Movement,,"Civil Rights Movement (General), Civil Rights Movement: Dr. King Assassination",Black Power,,Identity Integration (topic: social movement OR statement about political ID),Identity Integration (topic: social movement OR statement about political ID),,Involved in social movemnt,Not Involved (but mention social movement),,Low Involvement,Engaged observers,,0,0,,0,0,0,0,,0,0,1,1,,2,1,0,0,,0,0,0,0,,0,0,0,,0,0,0,,0,,0,,0,1,0,,1,1,0,,1,0,0,,0,1,1,,2,1,0,,2,1,,2,1,,1,2,1,2
11,High: integration and action,Low: no integration; no action (opposed and unengaged observers),Midlife to Present,Adolescence (13-18),Electoral Politics (contemporary),Social Movement,,"2012 Presidential Election, 2008 Presidential Election",Anti Vietnam War (General),,Identity Integration (topic: social movement OR statement about political ID),No Identity Integration (topic: social movement),,Involved in social movemnt,Not Involved (but mention social movement),,Low Involvement,Non-engaged observers,,0,0,,0,0,1,0,,1,1,0,1,,1,1,0,0,,0,0,1,0,,1,0,0,,0,0,1,,1,0,0,,0,0,0,,0,0,0,,0,0,0,,0,1,0,,1,1,0,,2,0,,2,0,,1,2,1,2
55,"Medium: integration but no action (ie engaged observer), or involvement without any evidence of integration.",Low: no integration; no action (opposed and unengaged observers),Adolescence (13-18),Midlife to Present,Social Movement,Social Movement,,Anti Vietnam War (General),Arab Spring,,No Identity Integration (topic: social movement),No Identity Integration (topic: social movement),,Involved in social movemnt,Not Involved (but mention social movement),,Low Involvement,Engaged observers,,0,0,,0,0,0,0,,0,0,1,1,,2,1,0,1,,1,1,0,0,,0,0,0,,0,1,0,,1,0,0,,0,0,0,,0,0,0,,0,0,0,,0,0,0,,0,1,0,,2,1,,1,0,,0,2,1,1
139,High: integration and action,N/A,"Childhood, Young Adulthood (18-30)",Childhood,Social Movement,"Discrete Event: Political (Watergate, JFK Assassination, and depending on meaning to P)",,Women’s Movement,JFK Assassination,,Identity Integration (topic: social movement OR statement about political ID),No Identity Integration (topic: not social movement),,Involved in social movemnt,Not Involved (no mention),,Low Involvement,N/A,,0,0,,0,0,0,0,,0,0,1,0,,1,1,0,0,,0,0,0,0,,0,0,0,,0,0,0,,0,1,0,,1,0,0,,0,0,0,,0,0,1,,1,1,0,,1,1,0,,2,0,,2,0,,1,2,1,2
45,High: integration and action,"Medium: integration but no action (ie engaged observer), or involvement without any evidence of integration.",Adolescence (13-18),Midlife to Present,Social Movement,Electoral Politics (contemporary),,Civil Rights Movement (General),2008 Presidential Election,,Identity Integration (topic: social movement OR statement about political ID),Identity Integration (topic: social movement OR statement about political ID),,Involved in social movemnt,Not Involved (but mention social movement),,Low Involvement,Engaged observers,,0,0,,0,0,0,1,,1,1,1,0,,1,1,0,0,,0,0,0,1,,1,0,0,,0,0,0,,0,0,0,,0,1,0,,1,0,0,,0,0,0,,0,1,1,,2,1,0,,2,1,,2,1,,1,2,1,2
71,High: integration and action,N/A,Midlife to Present,Midlife to Present,Electoral Politics (contemporary),"Discrete Event: Political (Watergate, JFK Assassination, and depending on meaning to P)",,2008 Presidential Election,9/11,,Identity Integration (topic: social movement OR statement about political ID),Identity Integration (topic: social movement OR statement about political ID),,Involved in social movemnt,Not Involved (no mention),,Low Involvement,N/A,,0,0,,0,0,1,0,,1,1,0,0,,0,0,0,0,,0,0,1,0,,1,0,1,,1,0,0,,0,0,0,,0,0,0,,0,0,0,,0,0,0,,0,1,1,,2,1,0,,2,0,,2,0,,1,2,1,2
41,Low: no integration; no action (opposed and unengaged observers),Low: no integration; no action (opposed and unengaged observers),Childhood,Adolescence (13-18),"Discrete Event (Watergate, JFK Assassination, and depending on meaning to P)",Social Movement,,Cuban Missile Crisis,Anti Vietnam War (General),,Identity Integration (topic: not social movement),No Identity Integration (topic: social movement),,Not Involved (no mention),Not Involved (but mention social movement),,N/A,Opposed,,0,0,,0,0,0,0,,0,0,0,1,,1,1,0,0,,0,0,0,0,,0,0,0,,0,0,1,,1,0,0,,0,0,0,,0,0,0,,0,0,0,,0,0,0,,0,0,0,,0,0,,0,0,,0,0,0,0
51,N/A,"Medium: integration but no action (ie engaged observer), or involvement without any evidence of integration.",Midlife to Present,Young Adulthood (18-30),"Discrete Event (Watergate, JFK Assassination, and depending on meaning to P)",Social Movement,,9/11,"Anti Vietnam War (General), Civil Rights Movement (General)",,Identity Integration (topic: not social movement),No Identity Integration (topic: social movement),,Not Involved (no mention),Involved in social movement,,N/A,Low Involvement,,0,0,,0,0,0,0,,0,0,0,1,,1,1,0,0,,0,0,0,0,,0,1,0,,1,0,1,,1,0,0,,0,0,1,,1,0,0,,0,0,0,,0,0,0,,0,0,1,,0,2,,0,1,,0,2,1,1
57,N/A,High: integration and action,Childhood,Adolescence (13-18),"Discrete Event (Watergate, JFK Assassination, and depending on meaning to P)",Social Movement,,JFK Assassination,Anti Vietnam War (General),,Identity Integration (topic: not social movement),Identity Integration (topic: social movement OR statement about political ID),,Not Involved (no mention),Involved in social movement,,N/A,High Involvement,,0,0,,0,0,0,0,,0,0,0,1,,1,1,0,0,,0,0,0,0,,0,0,0,,0,0,1,,1,0,0,,0,0,0,,0,0,0,,0,1,0,,1,0,1,,1,0,1,,0,2,,0,2,,1,2,1,2
66,N/A,"Medium: integration but no action (ie engaged observer), or involvement without any evidence of integration.",Midlife to Present,Young Adulthood (18-30),"Discrete Event (Watergate, JFK Assassination, and depending on meaning to P)",Social Movement,Social Movement,9/11,Women’s Movement,Anti Vietnam War (General),No Identity Integration (topic: not social movement),Identity Integration (topic: social movement OR statement about political ID),Identity Integration (topic: social movement OR statement about political ID),Not Involved (no mention),Not Involved (but mention social movement),Not Involved (but mention social movement),N/A,Engaged observers,Engaged observers,0,0,0,0,0,0,0,0,0,0,0,1,1,2,1,0,0,0,0,0,0,0,0,0,1,0,0,1,0,0,1,1,0,1,0,1,0,0,0,0,0,0,0,0,0,0,0,0,0,1,1,2,0,0,0,0,1,1,0,1,1,1,1,0,1
70,N/A,"Medium: integration but no action (ie engaged observer), or involvement without any evidence of integration.","""Growing up"" (but not specified)",over the lifespan,"Discrete Event (Watergate, JFK Assassination, and depending on meaning to P)",Social Movement,,JFK Assassination,Civil Rights Movement (General),,Identity Integration (topic: social movement OR statement about political ID),Identity Integration (topic: social movement OR statement about political ID),,Not Involved (no mention),Not Involved (but mention social movement),,N/A,Opposed,,0,0,,0,0,0,0,,0,0,0,1,,1,1,0,0,,0,0,0,0,,0,0,0,,0,0,0,,0,0,0,,0,0,1,,1,0,0,,0,1,0,,1,1,1,,2,0,0,,0,0,,0,1,,1,0,0,1
97,N/A,"Medium: integration but no action (ie engaged observer), or involvement without any evidence of integration.",Childhood,"Childhood, Adolescence (13-18)","Discrete Event (Watergate, JFK Assassination, and depending on meaning to P)",Social Movement,,JFK Assassination,Civil Rights Movement (General),,Identity Integration (topic: social movement OR statement about political ID),Identity Integration (topic: social movement OR statement about political ID),,Not Involved (no mention),Not Involved (but mention social movement),,N/A,Engaged observers,,0,0,,0,0,0,0,,0,0,0,1,,1,1,0,0,,0,0,0,0,,0,0,0,,0,0,0,,0,0,0,,0,0,1,,1,0,0,,0,1,0,,1,1,1,,2,0,0,,0,1,,0,1,,1,1,0,1
102,N/A,"Medium: integration but no action (ie engaged observer), or involvement without any evidence of integration.",Childhood,Adolescence (13-18),"Discrete Event (Watergate, JFK Assassination, and depending on meaning to P)","Discrete Event: Political (Watergate, JFK Assassination, and depending on meaning to P)",Social Movement,JFK Assassination,Civil Rights Movement: Dr. King Assassination,Civil Rights Movement (General),No Identity Integration (topic: not social movement),Identity Integration (topic: social movement OR statement about political ID),Identity Integration (topic: social movement OR statement about political ID),Not Involved (no mention),Not Involved (but mention social movement),Not Involved (but mention social movement),N/A,Engaged observers,Engaged observers,0,0,0,0,0,0,0,0,0,0,0,0,1,1,1,0,0,0,0,0,0,0,0,0,0,0,0,0,0,0,0,0,0,0,0,0,0,0,1,1,0,1,0,1,1,0,0,1,0,1,1,2,0,0,0,0,1,1,0,1,1,1,1,0,1
106,"Medium: integration but no action (ie engaged observer), or involvement without any evidence of integration.","Medium: integration but no action (ie engaged observer), or involvement without any evidence of integration.",Childhood,Childhood,"Discrete Event (Watergate, JFK Assassination, and depending on meaning to P)","Discrete Event: Political (Watergate, JFK Assassination, and depending on meaning to P)",,Civil Rights Movement: Dr. King Assassination,Malcom X Assassination,,Identity Integration (topic: social movement OR statement about political ID),Identity Integration (topic: social movement OR statement about political ID),,Not Involved (no mention),Not Involved (no mention),,N/A,N/A,,0,0,,0,0,0,0,,0,0,0,0,,0,0,0,0,,0,0,0,0,,0,0,0,,0,0,0,,0,0,0,,0,0,0,,0,1,0,,1,0,0,,0,1,1,,2,0,0,,0,0,,1,1,,1,0,0,1
107,N/A,"Medium: integration but no action (ie engaged observer), or involvement without any evidence of integration.",Childhood,Young Adulthood (18-30),"Discrete Event (Watergate, JFK Assassination, and depending on meaning to P)","Discrete Event: Political (Watergate, JFK Assassination, and depending on meaning to P)","Social Movement, Electoral Politics (past)",JFK Assassination,Watergate,"Anti Vietnam War (General), 1972 Presidential Election ",Identity Integration (topic: social movement OR statement about political ID),Identity Integration (topic: social movement OR statement about political ID),Identity Integration (topic: social movement OR statement about political ID),Not Involved (no mention),Not Involved (but mention social movement),Involved in social movement,N/A,N/A,High Involvement,0,0,0,0,0,0,0,1,1,1,0,0,1,1,1,0,0,0,0,0,0,0,0,0,0,0,0,0,0,0,1,1,0,0,0,0,0,0,0,0,0,0,0,0,1,0,0,1,1,1,1,3,0,0,1,0,0,2,0,1,2,1,2,1,2
117,N/A,N/A,Childhood,Childhood,"Discrete Event (Watergate, JFK Assassination, and depending on meaning to P)","Discrete Event: Political (Watergate, JFK Assassination, and depending on meaning to P)",Electoral Politics (past),JFK Assassination,Civil Rights Movement: Dr. King Assassination,Election/Death of Harold Washington,No Identity Integration (topic: not social movement),No Identity Integration (topic: not social movement),Identity Integration (topic: social movement OR statement about political ID),Not Involved (no mention),Not Involved (no mention),Not Involved (but mention social movement),N/A,N/A,Engaged observers,0,0,0,0,0,0,0,1,1,1,0,0,0,0,0,0,0,0,0,0,0,0,0,0,0,0,0,0,0,0,0,0,0,0,0,0,0,0,0,0,0,1,0,1,1,0,0,1,0,0,1,1,0,0,0,0,0,1,0,0,1,1,1,0,1
122,N/A,High: integration and action,Childhood,Adolescence (13-18),"Discrete Event (Watergate, JFK Assassination, and depending on meaning to P)",Social Movement,"Discrete Event: Political (Watergate, JFK Assassination, and depending on meaning to P)",JFK Assassination,Civil Rights Movement (General),Civil Rights Movement: Dr. King Assassination,No Identity Integration (topic: not social movement),Identity Integration (topic: social movement OR statement about political ID),N/A,Not Involved (no mention),Involved in social movement,N/A,N/A,High Involvement,N/A,0,0,0,0,0,0,0,0,0,0,0,1,0,1,1,0,0,0,0,0,0,0,0,0,0,0,0,0,0,0,0,0,0,0,0,0,0,1,0,1,0,0,1,1,1,0,0,1,0,1,0,1,0,1,0,0,2,0,0,2,0,1,2,1,2
128,N/A,N/A,Midlife to Present,Midlife to Present,Political social change,"Social-cultural change (e.g., sexual revolution, observation about women's movement without having participated)",,"Rising crime, homelessness, drinking in neighborhood","Moral Decline, Younger generation ""don't care, no respect""",,No Identity Integration (topic: not social movement),No Identity Integration (topic: not social movement),,Not Involved (no mention),Not Involved (no mention),,N/A,N/A,,1,1,,2,1,0,0,,0,0,0,0,,0,0,1,1,,2,1,0,0,,0,0,0,,0,0,0,,0,0,0,,0,0,0,,0,0,0,,0,0,0,,0,0,0,,0,0,0,,0,0,,0,0,,0,0,0,0
129,N/A,N/A,over the lifespan,Uncodeable/unclear,very misc,Electoral Politics (past),,being involved in his high school reunion committee?,father in law ran for office? ,,No Identity Integration (topic: not social movement),No Identity Integration (topic: not social movement),,Not Involved (no mention),Not Involved (no mention),,N/A,N/A,,0,0,,0,0,0,1,,1,1,0,0,,0,0,1,1,,2,1,0,0,,0,0,0,,0,0,0,,0,0,0,,0,0,0,,0,0,0,,0,0,0,,0,0,0,,0,0,0,,0,0,,0,0,,0,0,0,0
4,N/A,N/A,Childhood,Adolescence (13-18),"Discrete Event (Watergate, JFK Assassination, and depending on meaning to P)","Discrete Event: Political (Watergate, JFK Assassination, and depending on meaning to P)",,JFK Assassination,Skokie Nazi March,,Identity Integration (topic: not social movement),No Identity Integration (topic: not social movement),,Not Involved (no mention),Not Involved (no mention),,N/A,N/A,,0,0,,0,0,0,0,,0,0,0,0,,0,0,0,1,,1,1,0,0,,0,0,0,,0,0,0,,0,0,0,,0,0,0,,0,0,0,,0,1,0,,1,0,0,,0,0,0,,0,0,,0,0,,0,0,0,0
13,N/A,N/A,Childhood,"""Growing up"" (but not specified)","Discrete Event (Watergate, JFK Assassination, and depending on meaning to P)","Discrete Event: Political (Watergate, JFK Assassination, and depending on meaning to P)",,JFK Assassination,Civil Rights Movement: Dr. King Assassination,,No Identity Integration (topic: not social movement),No Identity Integration (topic: not social movement),,Not Involved (no mention),Not Involved (no mention),,N/A,N/A,,0,0,,0,0,0,0,,0,0,0,0,,0,0,0,0,,0,0,0,0,,0,0,0,,0,0,0,,0,0,0,,0,0,0,,0,0,1,,1,1,0,,1,0,0,,0,0,0,,0,0,,0,0,,0,0,0,0
20,N/A,Low: no integration; no action (opposed and unengaged observers),"""Growing up"" (but not specified)","""Growing up"" (but not specified), Childhood, Adolescence (13-18)","Discrete Event (Watergate, JFK Assassination, and depending on meaning to P)",Social Movement,,JFK Assassination,"Anti Vietnam War (General), Counter Culture",,No Identity Integration (topic: not social movement),No Identity Integration (topic: social movement),,Not Involved (no mention),Not Involved (but mention social movement),,N/A,Non-engaged observers,,0,0,,0,0,0,0,,0,0,0,1,,1,1,0,0,,0,0,0,0,,0,0,0,,0,0,1,,1,0,0,,0,0,0,,0,0,0,,0,1,0,,1,0,0,,0,0,0,,0,0,,0,0,,0,0,0,0
21,N/A,High: integration and action,"""Growing up"" (but not specified)",Adolescence (13-18),"Discrete Event (Watergate, JFK Assassination, and depending on meaning to P)",Electoral Politics (past),,JFK Assassination,1968 Presidential Election (volunteered for the Humphrey campaign) ,,Identity Integration (topic: not social movement),Identity Integration (topic: social movement OR statement about political ID),,Not Involved (no mention),Involved in social movement,,N/A,High Involvement,,0,0,,0,0,0,1,,1,1,0,0,,0,0,0,0,,0,0,0,0,,0,0,0,,0,0,0,,0,0,0,,0,0,0,,0,0,0,,0,1,0,,1,0,1,,1,0,1,,0,2,,0,2,,1,2,1,2
22,N/A,N/A,Childhood,N/A,"Discrete Event (Watergate, JFK Assassination, and depending on meaning to P)",N/A,,JFK Assassination,N/A,,No Identity Integration (topic: not social movement),No Identity Integration (topic: not social movement),,Not Involved (no mention),Not Involved (no mention),,N/A,N/A,,0,0,,0,0,0,0,,0,0,0,0,,0,0,0,1,,1,1,0,0,,0,0,0,,0,0,0,,0,0,0,,0,0,0,,0,0,0,,0,1,0,,1,0,0,,0,0,0,,0,0,,0,0,,0,0,0,0
24,N/A,N/A,Childhood,Childhood,"Discrete Event (Watergate, JFK Assassination, and depending on meaning to P)","Discrete Event: Political (Watergate, JFK Assassination, and depending on meaning to P)",,JFK Assassination,Space Race,,Identity Integration (topic: not social movement),No Identity Integration (topic: not social movement),,Not Involved (no mention),Not Involved (no mention),,N/A,N/A,,0,0,,0,0,0,0,,0,0,0,0,,0,0,0,0,,0,0,0,0,,0,0,0,,0,0,0,,0,0,0,,0,0,0,,0,0,0,,0,1,0,,1,0,0,,0,0,0,,0,0,,0,0,,0,0,0,0
26,N/A,"Medium: integration but no action (ie engaged observer), or involvement without any evidence of integration.",Adolescence (13-18),Adolescence (13-18),Political social change,Social Movement,,Counter Culture,Civil Rights Movement (General),,No Identity Integration (topic: not social movement),Identity Integration (topic: social movement OR statement about political ID),,Not Involved (no mention),Not Involved (but mention social movement),,N/A,Engaged observers,,1,0,,1,1,0,0,,0,0,0,1,,1,1,0,0,,0,0,0,0,,0,0,0,,0,0,0,,0,0,0,,0,0,1,,1,0,0,,0,0,0,,0,0,1,,1,0,0,,0,1,,0,1,,1,1,0,1
29,N/A,N/A,"""Growing up"" (but not specified)","""Growing up"" (but not specified)","Non-political change (e.g., technology)","Discrete Event: Political (Watergate, JFK Assassination, and depending on meaning to P)",,The Beatles,JFK Assassination,,No Identity Integration (topic: not social movement),No Identity Integration (topic: not social movement),,Not Involved (no mention),Not Involved (no mention),,N/A,N/A,,0,0,,0,0,0,0,,0,0,0,0,,0,0,0,0,,0,0,0,0,,0,0,0,,0,0,0,,0,0,0,,0,0,0,,0,0,0,,0,0,1,,1,0,0,,0,0,0,,0,0,,0,0,,0,0,0,0
31,N/A,N/A,Midlife to Present,Midlife to Present,"Non-political change (e.g., technology)","Non-political change (e.g., technology)",,workplace culture,???,,N/A,N/A,,Not Involved (no mention),Not Involved (no mention),,N/A,N/A,,0,0,,0,0,0,0,,0,0,0,0,,0,0,1,1,,2,1,0,0,,0,0,0,,0,0,0,,0,0,0,,0,0,0,,0,0,0,,0,0,0,,0,0,0,,0,0,0,,0,0,,0,0,,0,0,0,0
34,Low: no integration; no action (opposed and unengaged observers),Low: no integration; no action (opposed and unengaged observers),Childhood,Midlife to Present,"Discrete Event (Watergate, JFK Assassination, and depending on meaning to P)","Discrete Event: Political (Watergate, JFK Assassination, and depending on meaning to P)",,JFK Assassination,9/11,,No Identity Integration (topic: not social movement),No Identity Integration (topic: not social movement),,Not Involved (no mention),Not Involved (no mention),,N/A,N/A,,0,0,,0,0,0,0,,0,0,0,0,,0,0,0,0,,0,0,0,0,,0,0,1,,1,0,0,,0,0,0,,0,0,0,,0,0,0,,0,1,0,,1,0,0,,0,0,0,,0,0,,0,0,,0,0,0,0
35,N/A,N/A,"""Growing up"" (but not specified), Uncodeable/unclear",Midlife to Present,"Discrete Event (Watergate, JFK Assassination, and depending on meaning to P)","Discrete Event: Political (Watergate, JFK Assassination, and depending on meaning to P)",,JFK Assassination,9/11,,No Identity Integration (topic: not social movement),No Identity Integration (topic: not social movement),,Not Involved (no mention),Not Involved (no mention),,N/A,N/A,,0,0,,0,0,0,0,,0,0,0,0,,0,0,0,0,,0,0,0,0,,0,0,1,,1,0,0,,0,0,0,,0,0,0,,0,0,0,,0,1,0,,1,0,0,,0,0,0,,0,0,,0,0,,0,0,0,0
36,N/A,N/A,Childhood,Adolescence (13-18),"Discrete Event (Watergate, JFK Assassination, and depending on meaning to P)",Discrete Event: Non-political,"Social-cultural change (e.g., sexual revolution, observation about women's movement without having participated)",JFK Assassination,"Space Race, specifically the moon walk",Beatlemania,No Identity Integration (topic: not social movement),No Identity Integration (topic: not social movement),No Identity Integration (topic: social movement),Not Involved (no mention),Not Involved (no mention),Not Involved (no mention),N/A,N/A,N/A,0,0,1,1,1,0,0,0,0,0,0,0,0,0,0,0,0,0,0,0,0,0,0,0,0,0,0,0,0,0,0,0,0,0,0,0,0,0,0,0,0,0,0,0,1,0,0,1,0,0,0,0,0,0,0,0,0,0,0,0,0,0,0,0,0
53,N/A,N/A,Childhood,"""Growing up"" (but not specified)","Discrete Event (Watergate, JFK Assassination, and depending on meaning to P)",Historical Context (?),,JFK Assassination,"Cold War, Nuclear War (threat of)",,No Identity Integration (topic: not social movement),No Identity Integration (topic: not social movement),,Not Involved (no mention),Not Involved (no mention),,N/A,N/A,,0,0,,0,0,0,0,,0,0,0,0,,0,0,0,1,,1,1,0,0,,0,0,0,,0,0,0,,0,0,0,,0,0,0,,0,0,0,,0,1,0,,1,0,0,,0,0,0,,0,0,,0,0,,0,0,0,0
60,N/A,"Medium: integration but no action (ie engaged observer), or involvement without any evidence of integration.",Childhood,Childhood,Other,Social Movement,,Helped build early Habitat for Humanity houses as a child.,Civil Rights Movement (General),,No Identity Integration (topic: not social movement),Identity Integration (topic: social movement OR statement about political ID),,Not Involved (no mention),Not Involved (but mention social movement),,N/A,Engaged observers,,0,0,,0,0,0,0,,0,0,0,1,,1,1,1,0,,1,1,0,0,,0,0,0,,0,0,0,,0,0,0,,0,0,1,,1,0,0,,0,0,0,,0,0,1,,1,0,0,,0,1,,0,1,,1,1,0,1
61,N/A,N/A,Childhood,Midlife to Present,"Discrete Event (Watergate, JFK Assassination, and depending on meaning to P)","Discrete Event: Political (Watergate, JFK Assassination, and depending on meaning to P)",,JFK Assassination,9/11,,No Identity Integration (topic: not social movement),No Identity Integration (topic: not social movement),,Not Involved (no mention),Not Involved (no mention),,N/A,N/A,,0,0,,0,0,0,0,,0,0,0,0,,0,0,0,0,,0,0,0,0,,0,0,1,,1,0,0,,0,0,0,,0,0,0,,0,0,0,,0,1,0,,1,0,0,,0,0,0,,0,0,,0,0,,0,0,0,0
64,N/A,N/A,Midlife to Present,N/A,"Discrete Event (Watergate, JFK Assassination, and depending on meaning to P)",N/A,,Sandy Hook Shooting,N/A,,No Identity Integration (topic: not social movement),No Identity Integration (topic: not social movement),,Not Involved (no mention),Not Involved (no mention),,N/A,N/A,,0,0,,0,0,0,0,,0,0,0,0,,0,0,0,1,,1,1,0,0,,0,0,0,,0,0,0,,0,0,0,,0,0,0,,0,0,0,,0,0,0,,0,0,0,,0,0,0,,0,0,,0,0,,0,0,0,0
65,N/A,N/A,Childhood,Midlife to Present,"Discrete Event (Watergate, JFK Assassination, and depending on meaning to P)","Discrete Event: Political (Watergate, JFK Assassination, and depending on meaning to P)",,JFK Assassination,9/11,,No Identity Integration (topic: not social movement),No Identity Integration (topic: not social movement),,Not Involved (no mention),Not Involved (no mention),,N/A,N/A,,0,0,,0,0,0,0,,0,0,0,0,,0,0,0,0,,0,0,0,0,,0,0,1,,1,0,0,,0,0,0,,0,0,0,,0,0,0,,0,1,0,,1,0,0,,0,0,0,,0,0,,0,0,,0,0,0,0
68,N/A,Low: no integration; no action (opposed and unengaged observers),Young Adulthood (18-30),Midlife to Present,"Discrete Event (Watergate, JFK Assassination, and depending on meaning to P)",Electoral Politics (contemporary),,Death of Harold Washington,2008 Presidential Election,,Identity Integration (topic: social movement OR statement about political ID),No Identity Integration (topic: social movement),,Not Involved (no mention),Not Involved (but mention social movement),,N/A,Engaged observers,,0,0,,0,0,0,1,,1,1,0,0,,0,0,0,0,,0,0,0,1,,1,0,0,,0,0,0,,0,0,0,,0,0,0,,0,0,0,,0,0,0,,0,1,0,,1,0,0,,0,1,,0,0,,1,1,0,0
75,N/A,N/A,Childhood,Midlife to Present,"Discrete Event (Watergate, JFK Assassination, and depending on meaning to P)","Discrete Event: Political (Watergate, JFK Assassination, and depending on meaning to P)",,JFK Assassination,9/11,,No Identity Integration (topic: not social movement),No Identity Integration (topic: social movement),,Not Involved (no mention),Not Involved (no mention),,N/A,N/A,,0,0,,0,0,0,0,,0,0,0,0,,0,0,0,0,,0,0,0,0,,0,0,1,,1,0,0,,0,0,0,,0,0,0,,0,0,0,,0,1,0,,1,0,0,,0,0,0,,0,0,,0,0,,0,0,0,0
76,N/A,Low: no integration; no action (opposed and unengaged observers),Childhood,Adolescence (13-18),"Discrete Event (Watergate, JFK Assassination, and depending on meaning to P)",Social Movement,,JFK Assassination,Civil Rights Movement (General),,Identity Integration (topic: social movement OR statement about political ID),No Identity Integration (topic: social movement),,Not Involved (no mention),Not Involved (but mention social movement),,N/A,Engaged observers,,0,0,,0,0,0,0,,0,0,0,1,,1,1,0,0,,0,0,0,0,,0,0,0,,0,0,0,,0,0,0,,0,0,1,,1,0,0,,0,1,0,,1,1,0,,1,0,0,,0,1,,0,0,,1,1,0,0
86,N/A,N/A,Young Adulthood (18-30),over the lifespan,Discrete Event: Non-political,"Discrete Event: Political (Watergate, JFK Assassination, and depending on meaning to P)",,Hank Aaron breaks home run record,"Various wars occurring, but does not specify.",,No Identity Integration (topic: not social movement),No Identity Integration (topic: not social movement),,Not Involved (no mention),Not Involved (no mention),,N/A,N/A,,0,0,,0,0,0,0,,0,0,0,0,,0,0,1,1,,2,1,0,0,,0,0,0,,0,0,0,,0,0,0,,0,0,0,,0,0,0,,0,0,0,,0,0,0,,0,0,0,,0,0,,0,0,,0,0,0,0
87,N/A,N/A,Adolescence (13-18),Adolescence (13-18),"Discrete Event (Watergate, JFK Assassination, and depending on meaning to P)","Discrete Event: Political (Watergate, JFK Assassination, and depending on meaning to P)",,JFK Assassination,Civil Rights Movement: Dr. King Assassination,,No Identity Integration (topic: not social movement),Identity Integration (topic: social movement OR statement about political ID),,Not Involved (no mention),Not Involved (no mention),,N/A,N/A,,0,0,,0,0,0,0,,0,0,0,0,,0,0,0,0,,0,0,0,0,,0,0,0,,0,0,0,,0,0,0,,0,0,0,,0,0,1,,1,1,0,,1,0,1,,1,0,0,,0,0,,0,0,,1,0,0,0
92,N/A,N/A,Adolescence (13-18),Adolescence (13-18),"Discrete Event (Watergate, JFK Assassination, and depending on meaning to P)","Discrete Event: Political (Watergate, JFK Assassination, and depending on meaning to P)",,Space Race,Civil Rights Movement: Dr. King Assassination,,No Identity Integration (topic: not social movement),No Identity Integration (topic: not social movement),,Not Involved (no mention),Not Involved (no mention),,N/A,N/A,,0,0,,0,0,0,0,,0,0,0,0,,0,0,0,0,,0,0,0,0,,0,0,0,,0,0,0,,0,0,0,,0,0,0,,0,0,1,,1,0,0,,0,0,0,,0,0,0,,0,0,,0,0,,0,0,0,0
98,N/A,Low: no integration; no action (opposed and unengaged observers),Childhood,Adolescence (13-18),"Discrete Event (Watergate, JFK Assassination, and depending on meaning to P)",Social Movement,,JFK Assassination,"Anti Vietnam War (General), Civil Rights Movement (General), The 60's as a whole: ""very tumultuous"" (mentions RFK, MLK, and Malcolm X Assassinations as well)",,No Identity Integration (topic: not social movement),No Identity Integration (topic: social movement),,Not Involved (no mention),Not Involved (but mention social movement),,N/A,Engaged observers,,0,0,,0,0,0,0,,0,0,0,1,,1,1,0,0,,0,0,0,0,,0,0,0,,0,0,1,,1,0,0,,0,0,1,,1,0,1,,1,1,0,,1,0,0,,0,0,0,,0,1,,0,0,,0,1,0,0
99,N/A,N/A,Childhood,Midlife to Present,"Discrete Event (Watergate, JFK Assassination, and depending on meaning to P)","Discrete Event: Political (Watergate, JFK Assassination, and depending on meaning to P)",,JFK Assassination,9/11,,No Identity Integration (topic: not social movement),No Identity Integration (topic: not social movement),,Not Involved (no mention),Not Involved (no mention),,N/A,N/A,,0,0,,0,0,0,0,,0,0,0,0,,0,0,0,0,,0,0,0,0,,0,0,1,,1,0,0,,0,0,0,,0,0,0,,0,0,0,,0,1,0,,1,0,0,,0,0,0,,0,0,,0,0,,0,0,0,0
108,N/A,"Medium: integration but no action (ie engaged observer), or involvement without any evidence of integration.",Childhood,Midlife to Present,"Discrete Event (Watergate, JFK Assassination, and depending on meaning to P)",Electoral Politics (contemporary),,JFK Assassination,2008 Presidential Election,,Identity Integration (topic: not social movement),Identity Integration (topic: social movement OR statement about political ID),,Not Involved (no mention),Not Involved (but mention social movement),,N/A,Engaged observers,,0,0,,0,0,0,1,,1,1,0,0,,0,0,0,0,,0,0,0,1,,1,0,0,,0,0,0,,0,0,0,,0,0,0,,0,0,0,,0,1,0,,1,0,1,,1,0,0,,0,1,,0,1,,1,1,0,1
111,N/A,N/A,Midlife to Present,Childhood,"Discrete Event (Watergate, JFK Assassination, and depending on meaning to P)","Discrete Event: Political (Watergate, JFK Assassination, and depending on meaning to P)",,9/11,JFK Assassination,,Identity Integration (topic: not social movement),Identity Integration (topic: not social movement),,Not Involved (no mention),Not Involved (no mention),,N/A,N/A,,0,0,,0,0,0,0,,0,0,0,0,,0,0,0,0,,0,0,0,0,,0,1,0,,1,0,0,,0,0,0,,0,0,0,,0,0,0,,0,0,1,,1,0,0,,0,0,0,,0,0,,0,0,,0,0,0,0
113,N/A,"Medium: integration but no action (ie engaged observer), or involvement without any evidence of integration.",Childhood,Adolescence (13-18),"Discrete Event (Watergate, JFK Assassination, and depending on meaning to P)",Social Movement,"Discrete Event: Political (Watergate, JFK Assassination, and depending on meaning to P)",JFK Assassination,Civil Rights Movement (General),Civil Rights Movement: Dr. King Assassination,No Identity Integration (topic: not social movement),Identity Integration (topic: social movement OR statement about political ID),No Identity Integration (topic: not social movement),Not Involved (no mention),Not Involved (but mention social movement),Not Involved (no mention),N/A,Engaged observers,N/A,0,0,0,0,0,0,0,0,0,0,0,1,0,1,1,0,0,0,0,0,0,0,0,0,0,0,0,0,0,0,0,0,0,0,0,0,0,1,0,1,0,0,1,1,1,0,0,1,0,1,0,1,0,0,0,0,1,0,0,1,0,1,1,0,1
120,N/A,"Medium: integration but no action (ie engaged observer), or involvement without any evidence of integration.",Adolescence (13-18),Adolescence (13-18),"Discrete Event (Watergate, JFK Assassination, and depending on meaning to P)","Social-cultural change (e.g., sexual revolution, observation about women's movement without having participated), Social Movement",,Civil Rights Movement: Dr. King Assassination,Civil Rights Movement (General),,Identity Integration (topic: not social movement),Identity Integration (topic: social movement OR statement about political ID),,Not Involved (no mention),,,N/A,Engaged observers,,0,1,,1,1,0,0,,0,0,0,1,,1,1,0,0,,0,0,0,0,,0,0,0,,0,0,0,,0,0,0,,0,0,1,,1,1,0,,1,0,0,,0,0,1,,1,0,0,,0,1,,0,1,,1,1,0,1
124,N/A,N/A,Childhood,Uncodeable/unclear,Life event: moving to US from Poland,Personal Life Event: briefly trying to move back to Poland,,Life event: moving to US from Poland,Personal Life Event: briefly trying to move back to Poland,,No Identity Integration (topic: not social movement),No Identity Integration (topic: not social movement),,Not Involved (no mention),Not Involved (no mention),,N/A,N/A,,0,0,,0,0,0,0,,0,0,0,0,,0,0,1,1,,2,1,0,0,,0,0,0,,0,0,0,,0,0,0,,0,0,0,,0,0,0,,0,0,0,,0,0,0,,0,0,0,,0,0,,0,0,,0,0,0,0
131,N/A,N/A,Childhood,Childhood,"Discrete Event (Watergate, JFK Assassination, and depending on meaning to P)","Discrete Event: Political (Watergate, JFK Assassination, and depending on meaning to P)","Non-political change (e.g., technology)",JFK Assassination,Civil Rights Movement: Dr. King Assassination,"drug use in neighborhood (p. 28-29, T5)",No Identity Integration (topic: not social movement),No Identity Integration (topic: not social movement),No Identity Integration (topic: not social movement),Not Involved (no mention),Not Involved (no mention),Not Involved (no mention),N/A,N/A,N/A,0,0,0,0,0,0,0,0,0,0,0,0,0,0,0,0,0,1,1,1,0,0,0,0,0,0,0,0,0,0,0,0,0,0,0,0,0,0,0,0,0,1,0,1,1,0,0,1,0,0,0,0,0,0,0,0,0,0,0,0,0,0,0,0,0
133,N/A,N/A,Childhood,"""Growing up"" (but not specified)","Discrete Event (Watergate, JFK Assassination, and depending on meaning to P)","Discrete Event: Political (Watergate, JFK Assassination, and depending on meaning to P)",,JFK Assassination,Space Race,,No Identity Integration (topic: not social movement),No Identity Integration (topic: not social movement),,Not Involved (no mention),Not Involved (no mention),,N/A,N/A,,0,0,,0,0,0,0,,0,0,0,0,,0,0,0,0,,0,0,0,0,,0,0,0,,0,0,0,,0,0,0,,0,0,0,,0,0,0,,0,1,0,,1,0,0,,0,0,0,,0,0,,0,0,,0,0,0,0
135,N/A,N/A,Childhood,Midlife to Present,"Discrete Event (Watergate, JFK Assassination, and depending on meaning to P)","Discrete Event: Political (Watergate, JFK Assassination, and depending on meaning to P)",,JFK Assassination,9/11,,No Identity Integration (topic: not social movement),No Identity Integration (topic: not social movement),,Not Involved (no mention),Not Involved (no mention),,N/A,N/A,,0,0,,0,0,0,0,,0,0,0,0,,0,0,0,0,,0,0,0,0,,0,0,1,,1,0,0,,0,0,0,,0,0,0,,0,0,0,,0,1,0,,1,0,0,,0,0,0,,0,0,,0,0,,0,0,0,0
140,N/A,Low: no integration; no action (opposed and unengaged observers),Young Adulthood (18-30),Young Adulthood (18-30),"Non-political change (e.g., technology)","Social-cultural change (e.g., sexual revolution, observation about women's movement without having participated)",,Being able to access higher education when parents were not,Women’s Movement,,No Identity Integration (topic: not social movement),No Identity Integration (topic: not social movement),,Not Involved (no mention),Not Involved (but mention social movement),,N/A,Engaged observers,,0,1,,1,1,0,0,,0,0,0,0,,0,0,1,0,,1,1,0,0,,0,0,0,,0,0,0,,0,0,1,,1,0,0,,0,0,0,,0,0,0,,0,0,0,,0,0,0,,0,1,,0,0,,0,1,0,0
141,N/A,N/A,Childhood,Midlife to Present,"Discrete Event (Watergate, JFK Assassination, and depending on meaning to P)","Discrete Event: Political (Watergate, JFK Assassination, and depending on meaning to P)",,JFK Assassination,Murder of John Lennon,,No Identity Integration (topic: not social movement),No Identity Integration (topic: not social movement),,Not Involved (no mention),Not Involved (no mention),,N/A,N/A,,0,0,,0,0,0,0,,0,0,0,0,,0,0,0,1,,1,1,0,0,,0,0,0,,0,0,0,,0,0,0,,0,0,0,,0,0,0,,0,1,0,,1,0,0,,0,0,0,,0,0,,0,0,,0,0,0,0
142,N/A,N/A,Childhood,Midlife to Present,"Discrete Event (Watergate, JFK Assassination, and depending on meaning to P)","Discrete Event: Political (Watergate, JFK Assassination, and depending on meaning to P)",,JFK Assassination,9/11,,No Identity Integration (topic: not social movement),No Identity Integration (topic: not social movement),,Not Involved (no mention),Not Involved (no mention),,N/A,N/A,,0,0,,0,0,0,0,,0,0,0,0,,0,0,0,0,,0,0,0,0,,0,0,1,,1,0,0,,0,0,0,,0,0,0,,0,0,0,,0,1,0,,1,0,0,,0,0,0,,0,0,,0,0,,0,0,0,0
147,N/A,N/A,Childhood,Midlife to Present,"Discrete Event (Watergate, JFK Assassination, and depending on meaning to P)","Discrete Event: Political (Watergate, JFK Assassination, and depending on meaning to P)",,JFK Assassination,Attack on Reginald Denny during the Rodney King Riots,,No Identity Integration (topic: not social movement),No Identity Integration (topic: not social movement),,Not Involved (no mention),Not Involved (no mention),,N/A,N/A,,0,0,,0,0,0,0,,0,0,0,0,,0,0,0,1,,1,1,0,0,,0,0,0,,0,0,0,,0,0,0,,0,0,0,,0,0,0,,0,1,0,,1,0,0,,0,0,0,,0,0,,0,0,,0,0,0,0
152,N/A,N/A,Childhood,Midlife to Present,"Discrete Event (Watergate, JFK Assassination, and depending on meaning to P)","Discrete Event: Political (Watergate, JFK Assassination, and depending on meaning to P)",,JFK Assassination,9/11,,No Identity Integration (topic: not social movement),No Identity Integration (topic: not social movement),,Not Involved (no mention),Not Involved (no mention),,N/A,N/A,,0,0,,0,0,0,0,,0,0,0,0,,0,0,0,0,,0,0,0,0,,0,0,1,,1,0,0,,0,0,0,,0,0,0,,0,0,0,,0,1,0,,1,0,0,,0,0,0,,0,0,,0,0,,0,0,0,0
161,N/A,N/A,Midlife to Present,Midlife to Present,"Discrete Event (Watergate, JFK Assassination, and depending on meaning to P)","Discrete Event: Political (Watergate, JFK Assassination, and depending on meaning to P)",,9/11,Misc: Princess Diana death,,No Identity Integration (topic: not social movement),No Identity Integration (topic: not social movement),,Not Involved (no mention),Not Involved (no mention),,N/A,N/A,,0,0,,0,0,0,0,,0,0,0,0,,0,0,0,1,,1,1,0,0,,0,1,0,,1,0,0,,0,0,0,,0,0,0,,0,0,0,,0,0,0,,0,0,0,,0,0,0,,0,0,,0,0,,0,0,0,0
162,N/A,Low: no integration; no action (opposed and unengaged observers),Childhood,Adolescence (13-18),"Discrete Event (Watergate, JFK Assassination, and depending on meaning to P)",Social Movement,,JFK Assassination,Anti Vietnam War (General),,No Identity Integration (topic: not social movement),No Identity Integration (topic: social movement),,Not Involved (no mention),Not Involved (but mention social movement),,N/A,Non-engaged observers,,0,0,,0,0,0,0,,0,0,0,1,,1,1,0,0,,0,0,0,0,,0,0,0,,0,0,1,,1,0,0,,0,0,0,,0,0,0,,0,1,0,,1,0,0,,0,0,0,,0,0,,0,0,,0,0,0,0
16,N/A,High: integration and action,Childhood,Midlife to Present,"Discrete Event (Watergate, JFK Assassination, and depending on meaning to P)",Electoral Politics (contemporary),,JFK Assassination,2008 Presidential Election,,Identity Integration (topic: not social movement),Identity Integration (topic: social movement OR statement about political ID),,Not Involved (no mention),Involved in social movement,,N/A,High Involvement,,0,0,,0,0,0,1,,1,1,0,0,,0,0,0,0,,0,0,0,1,,1,0,0,,0,0,0,,0,0,0,,0,0,0,,0,0,0,,0,1,0,,1,0,1,,1,0,1,,0,2,,0,2,,1,2,1,2
56,N/A,N/A,Childhood,Midlife to Present,"Discrete Event (Watergate, JFK Assassination, and depending on meaning to P)","Discrete Event: Political (Watergate, JFK Assassination, and depending on meaning to P)",,JFK Assassination,9/11,,Identity Integration (topic: not social movement),Identity Integration (topic: not social movement),,Not Involved (no mention),Not Involved (no mention),,N/A,N/A,,0,0,,0,0,0,0,,0,0,0,0,,0,0,0,0,,0,0,0,0,,0,0,1,,1,0,0,,0,0,0,,0,0,0,,0,0,0,,0,1,0,,1,0,0,,0,0,0,,0,0,,0,0,,0,0,0,0
62,N/A,Low: no integration; no action (opposed and unengaged observers),Adolescence (13-18),Adolescence (13-18),"Discrete Event (Watergate, JFK Assassination, and depending on meaning to P)",Social Movement,"Discrete Event: Political (Watergate, JFK Assassination, and depending on meaning to P)",JFK Assassination,Anti Vietnam War: 1968 Democratic Convention Protest,Civil Rights Movement: Dr. King Assassination,No Identity Integration (topic: not social movement),No Identity Integration (topic: social movement),No Identity Integration (topic: not social movement),Not Involved (no mention),Not Involved (but mention social movement),Not Involved (no mention),N/A,Engaged observers,N/A,0,0,0,0,0,0,0,0,0,0,0,1,0,1,1,0,0,0,0,0,0,0,0,0,0,0,0,0,0,1,0,1,0,0,0,0,0,0,0,0,0,0,1,1,1,0,0,1,0,0,0,0,0,0,0,0,1,0,0,0,0,0,1,0,0
126,N/A,High: integration and action,Childhood,Adolescence (13-18),"Discrete Event (Watergate, JFK Assassination, and depending on meaning to P)",Social Movement,,JFK Assassination,"Civil Rights Movement (General), Civil Rights Movement: Dr. King Assassination",,Identity Integration (topic: not social movement),Identity Integration (topic: social movement OR statement about political ID),,Not Involved (no mention),Involved in social movement,,N/A,Low Involvement,,0,0,,0,0,0,0,,0,0,0,1,,1,1,0,0,,0,0,0,0,,0,0,0,,0,0,0,,0,0,0,,0,0,1,,1,0,1,,1,1,0,,1,0,1,,1,0,1,,0,2,,0,2,,1,2,1,2
132,N/A,"Medium: integration but no action (ie engaged observer), or involvement without any evidence of integration.",Childhood,Adolescence (13-18),"Discrete Event (Watergate, JFK Assassination, and depending on meaning to P)",Social Movement,,JFK Assassination,Anti Vietnam War: 1968 Democratic Convention Protest,,No Identity Integration (topic: not social movement),Identity Integration (topic: social movement OR statement about political ID),,Not Involved (no mention),Not Involved (but mention social movement),,N/A,Engaged observers,,0,0,,0,0,0,0,,0,0,0,1,,1,1,0,0,,0,0,0,0,,0,0,0,,0,0,1,,1,0,0,,0,0,0,,0,0,0,,0,1,0,,1,0,1,,1,0,0,,0,1,,0,1,,1,1,0,1
157,N/A,Low: no integration; no action (opposed and unengaged observers),Childhood,Childhood,"Discrete Event (Watergate, JFK Assassination, and depending on meaning to P)",Social Movement,Social Movement,JFK Assassination,Civil Rights Movement (General),Anti Vietnam War (General),Identity Integration (topic: not social movement),No Identity Integration (topic: social movement),Identity Integration (topic: social movement OR statement about political ID),Not Involved (no mention),Not Involved (but mention social movement),Not Involved (but mention social movement),N/A,Non-engaged observers,Engaged observers,0,0,0,0,0,0,0,0,0,0,0,1,1,2,1,0,0,0,0,0,0,0,0,0,0,0,0,0,0,0,1,1,0,0,0,0,0,1,0,1,0,0,0,0,1,0,0,1,0,0,1,1,0,0,0,0,0,1,0,0,1,1,1,0,1
50,Low: no integration; no action (opposed and unengaged observers),Low: no integration; no action (opposed and unengaged observers),Uncodeable/unclear,N/A,N/A,N/A,,N/A,,,No Identity Integration (topic: not social movement),N/A,,Not Involved (no mention),Not Involved (no mention),,Non-engaged observers,Non-engaged observers,,0,0,,0,0,0,0,,0,0,0,0,,0,0,1,,,1,1,0,,,0,0,,,0,0,0,,0,0,,,0,0,,,0,0,,,0,0,,,0,0,0,,0,0,0,,0,0,,0,0,,0,0,0,0
19,N/A,N/A,Young Adulthood (18-30),Uncodeable/unclear,Social Movement,N/A,,Blackstone Rangers,N/A,,No Identity Integration (topic: social movement),N/A,,Not Involved (but mention social movement),Not Involved (no mention),,Non-engaged observers,N/A,,0,0,,0,0,0,0,,0,0,1,0,,1,1,0,1,,1,1,0,0,,0,0,0,,0,0,0,,0,0,0,,0,0,0,,0,0,0,,0,0,0,,0,0,0,,0,0,0,,0,0,,0,0,,0,0,0,0
39,Low: no integration; no action (opposed and unengaged observers),N/A,Childhood,Childhood,Social Movement,"Discrete Event: Political (Watergate, JFK Assassination, and depending on meaning to P)",,Civil Rights Movement (General),JFK Assassination,,No Identity Integration (topic: social movement),Identity Integration (topic: not social movement),,Not Involved (but mention social movement),Not Involved (no mention),,Non-engaged observers,N/A,,0,0,,0,0,0,0,,0,0,1,0,,1,1,0,0,,0,0,0,0,,0,0,0,,0,0,0,,0,0,0,,0,1,0,,1,0,0,,0,0,1,,1,0,0,,0,0,0,,0,0,,0,0,,0,0,0,0
52,Low: no integration; no action (opposed and unengaged observers),Low: no integration; no action (opposed and unengaged observers),Childhood,Young Adulthood (18-30),Social Movement,"Social-cultural change (e.g., sexual revolution, observation about women's movement without having participated)",Electoral Politics (contemporary),Civil Rights Movement (General),Sexual Revolution,2008 Presidential Election,No Identity Integration (topic: social movement),No Identity Integration (topic: social movement),No Identity Integration (topic: social movement),Not Involved (but mention social movement),Not Involved (but mention social movement),Not Involved (but mention social movement),Non-engaged observers,Engaged observers,Engaged observers,0,1,0,1,1,0,0,1,1,1,1,0,0,1,1,0,0,0,0,0,0,0,1,1,0,0,0,0,0,0,0,0,0,0,0,0,1,0,0,1,0,0,0,0,0,0,0,0,0,0,0,0,0,0,0,0,1,1,0,0,1,0,1,0,1
54,Low: no integration; no action (opposed and unengaged observers),N/A,Young Adulthood (18-30),Midlife to Present,Social Movement,"Discrete Event: Political (Watergate, JFK Assassination, and depending on meaning to P)","Non-political change (e.g., technology)",Anti Vietnam War (General),9/11,Technological Change,No Identity Integration (topic: social movement),No Identity Integration (topic: not social movement),N/A,Not Involved (but mention social movement),Not Involved (no mention),Not Involved (no mention),Non-engaged observers,N/A,N/A,0,0,0,0,0,0,0,0,0,0,1,0,0,1,1,0,0,0,0,0,0,0,0,0,0,1,0,1,1,0,0,1,0,0,0,0,0,0,0,0,0,0,0,0,0,0,0,0,0,0,0,0,0,0,0,0,0,0,0,0,0,0,0,0,0
94,Low: no integration; no action (opposed and unengaged observers),N/A,Childhood,N/A,"Social Movement, Discrete Event (Watergate, JFK Assassination, and depending on meaning to P)",N/A,,"Civil Rights Movement (General), Civil Rights Movement: Dr. King Assassination",N/A,,No Identity Integration (topic: social movement),N/A,,Not Involved (but mention social movement),N/A,,Non-engaged observers,N/A,,0,0,,0,0,0,0,,0,0,1,0,,1,1,0,1,,1,1,0,0,,0,0,0,,0,0,0,,0,,0,,0,1,0,,1,1,0,,1,0,0,,0,0,0,,0,0,0,,0,0,,0,0,,0,0,0,0
12,Low: no integration; no action (opposed and unengaged observers),"Medium: integration but no action (ie engaged observer), or involvement without any evidence of integration.",Adolescence (13-18),Young Adulthood (18-30),"Political social change, Social Movement",Social Movement,,Counter Culture,Women’s Movement,,No Identity Integration (topic: social movement),Identity Integration (topic: social movement OR statement about political ID),,Not Involved (but mention social movement),Not Involved (but mention social movement),,Non-engaged observers,Engaged observers,,1,0,,1,1,0,0,,0,0,1,1,,2,1,0,0,,0,0,0,0,,0,0,0,,0,0,0,,0,0,1,,1,0,0,,0,0,0,,0,0,0,,0,0,1,,1,0,0,,0,1,,0,1,,1,1,0,1
33,Low: no integration; no action (opposed and unengaged observers),N/A,Adolescence (13-18),Childhood,Social Movement,"Discrete Event: Political (Watergate, JFK Assassination, and depending on meaning to P)",,"Anti Vietnam War (General), Civil Rights Movement (General)",JFK Assassination,,No Identity Integration (topic: social movement),Identity Integration (topic: not social movement),,Not Involved (but mention social movement),Not Involved (no mention),,Non-engaged observers,N/A,,0,0,,0,0,0,0,,0,0,1,0,,1,1,0,0,,0,0,0,0,,0,0,0,,0,1,0,,1,0,0,,0,1,0,,1,0,0,,0,0,1,,1,0,0,,0,0,0,,0,0,,0,0,,0,0,0,0
40,Low: no integration; no action (opposed and unengaged observers),N/A,Childhood,Childhood,Social Movement,"Discrete Event: Political (Watergate, JFK Assassination, and depending on meaning to P)",,Civil Rights Movement (General),JFK Assassination,,No Identity Integration (topic: social movement),No Identity Integration (topic: not social movement),,Not Involved (but mention social movement),N/A,,Non-engaged observers,N/A,,0,0,,0,0,0,0,,0,0,1,0,,1,1,0,0,,0,0,0,0,,0,0,0,,0,0,0,,0,0,0,,0,1,0,,1,0,0,,0,0,1,,1,0,0,,0,0,0,,0,0,,0,0,,0,0,0,0
5,Low: no integration; no action (opposed and unengaged observers),N/A,Young Adulthood (18-30),Midlife to Present,Social Movement,"Non-political change (e.g., technology)",,Anti Vietnam War (General),Technological Change (Computers),,No Identity Integration (topic: social movement),No Identity Integration (topic: not social movement),,Not Involved (but mention social movement),Not Involved (no mention),,Opposed,N/A,,0,0,,0,0,0,0,,0,0,1,0,,1,1,0,0,,0,0,0,0,,0,0,0,,0,1,0,,1,0,0,,0,0,0,,0,0,0,,0,0,0,,0,0,0,,0,0,0,,0,0,,0,0,,0,0,0,0
9,"Medium: integration but no action (ie engaged observer), or involvement without any evidence of integration.",High: integration and action,Adolescence (13-18),Midlife to Present,Social Movement,Electoral Politics (contemporary),,Anti Vietnam War: 1968 Democratic Convention Protest,2012 Presidential Election,,Identity Integration (topic: social movement OR statement about political ID),Identity Integration (topic: social movement OR statement about political ID),,Not Involved (but mention social movement),Involved in social movement,,Opposed,Low Involvement,,0,0,,0,0,0,1,,1,1,1,0,,1,1,0,0,,0,0,0,0,,0,0,0,,0,1,0,,1,0,0,,0,0,0,,0,0,0,,0,0,0,,0,1,1,,2,0,1,,0,2,,1,2,,1,2,1,2
149,Low: no integration; no action (opposed and unengaged observers),N/A,"""Growing up"" (but not specified)",Midlife to Present,Social Movement,"N/A, ??? criminal Justice reform, but very vague and sort of all over the place",,Civil Rights Movement (General),"N/A, Criminal justice reform (?), but unclear",,No Identity Integration (topic: social movement),No Identity Integration (topic: not social movement),,Not Involved (but mention social movement),Not Involved (no mention),,Opposed,N/A,,0,0,,0,0,0,0,,0,0,1,0,,1,1,0,1,,1,1,0,0,,0,0,0,,0,0,0,,0,0,0,,0,1,0,,1,0,0,,0,0,0,,0,0,0,,0,0,0,,0,0,,0,0,,0,0,0,0
10,,,,,,,,,,,,,,,,,,,,,,,,,,,,,,,,,,,,,,,,,,,,,,,,,,,,,,,,,,,,,,,,,,,,,,,,,,,,,,,,,,,,
15,,,,,,,,,,,,,,,,,,,,,,,,,,,,,,,,,,,,,,,,,,,,,,,,,,,,,,,,,,,,,,,,,,,,,,,,,,,,,,,,,,,,
17,,,,,,,,,,,,,,,,,,,,,,,,,,,,,,,,,,,,,,,,,,,,,,,,,,,,,,,,,,,,,,,,,,,,,,,,,,,,,,,,,,,,
27,,,,,,,,,,,,,,,,,,,,,,,,,,,,,,,,,,,,,,,,,,,,,,,,,,,,,,,,,,,,,,,,,,,,,,,,,,,,,,,,,,,,
28,,,,,,,,,,,,,,,,,,,,,,,,,,,,,,,,,,,,,,,,,,,,,,,,,,,,,,,,,,,,,,,,,,,,,,,,,,,,,,,,,,,,
30,,,,,,,,,,,,,,,,,,,,,,,,,,,,,,,,,,,,,,,,,,,,,,,,,,,,,,,,,,,,,,,,,,,,,,,,,,,,,,,,,,,,
42,,,,,,,,,,,,,,,,,,,,,,,,,,,,,,,,,,,,,,,,,,,,,,,,,,,,,,,,,,,,,,,,,,,,,,,,,,,,,,,,,,,,
44,,,,,,,,,,,,,,,,,,,,,,,,,,,,,,,,,,,,,,,,,,,,,,,,,,,,,,,,,,,,,,,,,,,,,,,,,,,,,,,,,,,,
46,,,,,,,,,,,,,,,,,,,,,,,,,,,,,,,,,,,,,,,,,,,,,,,,,,,,,,,,,,,,,,,,,,,,,,,,,,,,,,,,,,,,
48,,,,,,,,,,,,,,,,,,,,,,,,,,,,,,,,,,,,,,,,,,,,,,,,,,,,,,,,,,,,,,,,,,,,,,,,,,,,,,,,,,,,
67,,,,,,,,,,,,,,,,,,,,,,,,,,,,,,,,,,,,,,,,,,,,,,,,,,,,,,,,,,,,,,,,,,,,,,,,,,,,,,,,,,,,
72,,,,,,,,,,,,,,,,,,,,,,,,,,,,,,,,,,,,,,,,,,,,,,,,,,,,,,,,,,,,,,,,,,,,,,,,,,,,,,,,,,,,
73,,,,,,,,,,,,,,,,,,,,,,,,,,,,,,,,,,,,,,,,,,,,,,,,,,,,,,,,,,,,,,,,,,,,,,,,,,,,,,,,,,,,
74,,,,,,,,,,,,,,,,,,,,,,,,,,,,,,,,,,,,,,,,,,,,,,,,,,,,,,,,,,,,,,,,,,,,,,,,,,,,,,,,,,,,
93,,,,,,,,,,,,,,,,,,,,,,,,,,,,,,,,,,,,,,,,,,,,,,,,,,,,,,,,,,,,,,,,,,,,,,,,,,,,,,,,,,,,
95,,,,,,,,,,,,,,,,,,,,,,,,,,,,,,,,,,,,,,,,,,,,,,,,,,,,,,,,,,,,,,,,,,,,,,,,,,,,,,,,,,,,
101,,,,,,,,,,,,,,,,,,,,,,,,,,,,,,,,,,,,,,,,,,,,,,,,,,,,,,,,,,,,,,,,,,,,,,,,,,,,,,,,,,,,
103,,,,,,,,,,,,,,,,,,,,,,,,,,,,,,,,,,,,,,,,,,,,,,,,,,,,,,,,,,,,,,,,,,,,,,,,,,,,,,,,,,,,
105,,,,,,,,,,,,,,,,,,,,,,,,,,,,,,,,,,,,,,,,,,,,,,,,,,,,,,,,,,,,,,,,,,,,,,,,,,,,,,,,,,,,
110,,,,,,,,,,,,,,,,,,,,,,,,,,,,,,,,,,,,,,,,,,,,,,,,,,,,,,,,,,,,,,,,,,,,,,,,,,,,,,,,,,,,
127,,,,,,,,,,,,,,,,,,,,,,,,,,,,,,,,,,,,,,,,,,,,,,,,,,,,,,,,,,,,,,,,,,,,,,,,,,,,,,,,,,,,
136,,,,,,,,,,,,,,,,,,,,,,,,,,,,,,,,,,,,,,,,,,,,,,,,,,,,,,,,,,,,,,,,,,,,,,,,,,,,,,,,,,,,
138,,,,,,,,,,,,,,,,,,,,,,,,,,,,,,,,,,,,,,,,,,,,,,,,,,,,,,,,,,,,,,,,,,,,,,,,,,,,,,,,,,,,
144,,,,,,,,,,,,,,,,,,,,,,,,,,,,,,,,,,,,,,,,,,,,,,,,,,,,,,,,,,,,,,,,,,,,,,,,,,,,,,,,,,,,
148,,,,,,,,,,,,,,,,,,,,,,,,,,,,,,,,,,,,,,,,,,,,,,,,,,,,,,,,,,,,,,,,,,,,,,,,,,,,,,,,,,,,
151,,,,,,,,,,,,,,,,,,,,,,,,,,,,,,,,,,,,,,,,,,,,,,,,,,,,,,,,,,,,,,,,,,,,,,,,,,,,,,,,,,,,
153,,,,,,,,,,,,,,,,,,,,,,,,,,,,,,,,,,,,,,,,,,,,,,,,,,,,,,,,,,,,,,,,,,,,,,,,,,,,,,,,,,,,
158,,,,,,,,,,,,,,,,,,,,,,,,,,,,,,,,,,,,,,,,,,,,,,,,,,,,,,,,,,,,,,,,,,,,,,,,,,,,,,,,,,,,
164,,,,,,,,,,,,,,,,,,,,,,,,,,,,,,,,,,,,,,,,,,,,,,,,,,,,,,,,,,,,,,,,,,,,,,,,,,,,,,,,,,,,